Arabic:arab1395
Balto-Slavic:balt1263
Bantu:narr1281
Chimariko:chim1301
Cochimi-Yuman:coch1271
Dravidian:drav1251
Hellenic:gree1276
Italic:lati1263
Japonic:japo1237
Karuk:karo1304
Polynesian:poly1242
Pomoan:pomo1273
Quechuan:quec1387
Seri:seri1257
Shastan:shas1239
Sinitic:sini1245
Tequistlatecan:tequ1244
Turkic:turk1311
Uralic:ural1272
Uto-Aztecan:utoa1244
Yana:yana1271