Dataset	Family	Name	Source Name	Glottolog Name	Glottocode	ISO 639-3	ISO 639-3 Name	Reference	Notes
Arabic	Afro-Asiatic, Semitic, Arabian	Modern Standard Arabic	Arabic (MSA)	Standard Arabic	stan1318	arb	Standard Arabic	https://en.wiktionary.org/w/index.php?title=Appendix:Varieties_of_Arabic_Swadesh_lists&oldid=62250595	
Arabic	Afro-Asiatic, Semitic, Arabian, Arabian Peninsula Arabic	Dhofari Arabic	Dhofari (Oman)	Dhofari Arabic	dhof1235	adf	Dhofari Arabic	https://en.wiktionary.org/w/index.php?title=Appendix:Varieties_of_Arabic_Swadesh_lists&oldid=62250595	
Arabic	Afro-Asiatic, Semitic, Arabian, Arabian Peninsula Arabic	Gulf Arabic	Gulf (Emirati)	Gulf Arabic	gulf1241	afb	Gulf Arabic	https://en.wiktionary.org/w/index.php?title=Appendix:Varieties_of_Arabic_Swadesh_lists&oldid=62250595	
Arabic	Afro-Asiatic, Semitic, Arabian, Arabian Peninsula Arabic	Najdi Arabic	Najdi (Riyadh)	Najdi Arabic	najd1235	ars	Najdi Arabic	https://en.wiktionary.org/w/index.php?title=Appendix:Varieties_of_Arabic_Swadesh_lists&oldid=62250595	
Arabic	Afro-Asiatic, Semitic, Arabian, Arabian Peninsula Arabic	Sanaani Arabic	Sanaani (Sana'a)	Sanaani Arabic	sana1295	ayn	Sanaani Arabic	https://en.wiktionary.org/w/index.php?title=Appendix:Varieties_of_Arabic_Swadesh_lists&oldid=62250595	
Arabic	Afro-Asiatic, Semitic, Arabian, Eastern Arabic	Iraqi Arabic	Iraqi (Southern Iraq/Baghdad)	Gilit Mesopotamian Arabic	meso1252	acm	Mesopotamian Arabic	https://en.wiktionary.org/w/index.php?title=Appendix:Varieties_of_Arabic_Swadesh_lists&oldid=62250595	
Arabic	Afro-Asiatic, Semitic, Arabian, Eastern Arabic, Qeltu	North Mesopotamian Arabic	Moslawi (Northern Iraq)	Mosul Arabic	mosu1235	ayp	North Mesopotamian Arabic	https://en.wiktionary.org/w/index.php?title=Appendix:Varieties_of_Arabic_Swadesh_lists&oldid=62250595	
Arabic	Afro-Asiatic, Semitic, Arabian, Egyptic Arabic	Egyptian Arabic	Egyptian (Lower Egyptian)	Egyptian Arabic	egyp1253	arz	Egyptian Arabic	https://en.wiktionary.org/w/index.php?title=Appendix:Varieties_of_Arabic_Swadesh_lists&oldid=62250595	
Arabic	Afro-Asiatic, Semitic, Arabian, Egyptic Arabic, Sudanese-Chadian Arabic	Chadian Arabic	Chadian (Western Sudanic)	Chadian Arabic	chad1249	shu	Chadian Arabic	https://en.wiktionary.org/w/index.php?title=Appendix:Varieties_of_Arabic_Swadesh_lists&oldid=62250595	
Arabic	Afro-Asiatic, Semitic, Arabian, Egyptic Arabic, Sudanese-Chadian Arabic	Sudanese Arabic	Sudanese (Khartoum)	Sudanese Arabic	suda1236	apd	Sudanese Arabic	https://en.wiktionary.org/w/index.php?title=Appendix:Varieties_of_Arabic_Swadesh_lists&oldid=62250595	
Arabic	Afro-Asiatic, Semitic, Arabian, Levantine Arabic	Cypriot Arabic	Cypriot (Kormakitis)	Cypriot Arabic	cypr1248	acy	Cypriot Arabic	https://en.wiktionary.org/w/index.php?title=Appendix:Varieties_of_Arabic_Swadesh_lists&oldid=62250595	
Arabic	Afro-Asiatic, Semitic, Arabian, Levantine Arabic	Levantine Arabic	Levantine (Central/Syro-Lebanese)	North Levantine Arabic	nort3139	apc	North Levantine Arabic	https://en.wiktionary.org/w/index.php?title=Appendix:Varieties_of_Arabic_Swadesh_lists&oldid=62250595	
Arabic	Afro-Asiatic, Semitic, Arabian, North African Arabic	Hassaniya Arabic	Hassaniya (Mauritanian)	Hassaniyya	hass1238	mey	Hassaniyya	https://en.wiktionary.org/w/index.php?title=Appendix:Varieties_of_Arabic_Swadesh_lists&oldid=62250595	
Arabic	Afro-Asiatic, Semitic, Arabian, North African Arabic	Maltese	Maltese	Maltese	malt1254	mlt	Maltese	https://en.wiktionary.org/w/index.php?title=Appendix:Varieties_of_Arabic_Swadesh_lists&oldid=62250595	
Arabic	Afro-Asiatic, Semitic, Arabian, North African Arabic	Moroccan Arabic	Moroccan (Casablanca)	Moroccan Arabic	moro1292	ary	Moroccan Arabic	https://en.wiktionary.org/w/index.php?title=Appendix:Varieties_of_Arabic_Swadesh_lists&oldid=62250595	
Arabic	Afro-Asiatic, Semitic, Arabian, North African Arabic	Tunisian Arabic	Tunisian (Tunis)	Tunisian Arabic	tuni1259	aeb	Tunisian Arabic	https://en.wiktionary.org/w/index.php?title=Appendix:Varieties_of_Arabic_Swadesh_lists&oldid=62250595	
Hokan	Chimariko	Chimariko	Chimariko	Chimariko	chim1301	cid	Chimariko	Zhivlov (2011)	
Hokan	Cochimi-Yuman, Yuman, Delta-Californian Yuman	Cocopa	Cocopa	Cocopa	coco1261	coc	Cocopa	Zhivlov (2015)	
Hokan	Cochimi-Yuman, Yuman, Delta-Californian Yuman, Diegueño	Ipai	Mesa Grande 'Iipay	Ipai	ipai1240	dih	Kumiai	Zhivlov (2015)	
Hokan	Cochimi-Yuman, Yuman, Delta-Californian Yuman, Diegueño	Tipay	Jamul Tiipay	Tipay	kumi1248	dih	Kumiai	Zhivlov (2015)	
Hokan	Cochimi-Yuman, Yuman, Pai	Yavapai	Yavapai	Yavapai	yava1252	yuf	Havasupai-Walapai-Yavapai	Zhivlov (2015)	
Hokan	Cochimi-Yuman, Yuman, River Yuman	Mohave	Mojave	Mohave	moha1256	mov	Mohave	Zhivlov (2015)	
Hokan	Karok	Karok	Karuk	Karok	karo1304	kyh	Karok	Zhivlov (2011)	
Hokan	Pomoan	Southeastern Pomo	Southeastern Pomo	Southeastern Pomo	sout2982	pom	Southeastern Pomo	Zhivlov (2013)	
Hokan	Pomoan, Russian River and Eastern	Eastern Pomo	Eastern Pomo	Eastern Pomo	east2545	peb	Eastern Pomo	Zhivlov (2013)	
Hokan	Pomoan, Russian River and Eastern, Russian River	Northeastern Pomo	Northeastern Pomo	Northeastern Russian River Pomo	nort2967	pef	Northeastern Pomo	Zhivlov (2013)	
Hokan	Pomoan, Russian River and Eastern, Russian River, Northern-Central Pomoan	Central Pomo	Central Pomo	Central Pomo	cent2138	poo	Central Pomo	Zhivlov (2013)	
Hokan	Pomoan, Russian River and Eastern, Russian River, Northern-Central Pomoan	Northern Pomo	Northern Pomo	Northern Pomo	nort2966	pej	Northern Pomo	Zhivlov (2013)	
Hokan	Pomoan, Russian River and Eastern, Russian River, Southern Pomoan-Kashaya	Kashaya	Kashaya	Kashaya	kash1280	kju	Kashaya	Zhivlov (2013)	
Hokan	Pomoan, Russian River and Eastern, Russian River, Southern Pomoan-Kashaya	Southern Pomo	Southern Pomo	Southern Pomo	sout2984	peq	Southern Pomo	Zhivlov (2013)	
Hokan	Seri	Seri	Seri	Seri	seri1257	sei	Seri	Zhivlov (2011)	
Hokan	Shastan	Shasta	Shasta	Shasta	shas1239	sht	Shasta	Zhivlov (2012)	
Hokan	Tequistlatecan	Highland Chontal	Highland Chontal	Highland Oaxaca Chontal	high1242	chd	Highland Oaxaca Chontal	Zhivlov (2012)	
Hokan	Yana	Central Yana	Central Yana	Central Yana	cent2137	ynn	Yana	Zhivlov (2013)	
Hokan	Yana	Northern Yana	Northern Yana	Northern Yana	nort2963	ynn	Yana	Zhivlov (2013)	
Hokan	Yana	Yahi	Yahi	Yahi	yahi1243	ynn	Yana	Zhivlov (2013)	
Italic	Indo-European, Italic	Latin (Archaic)	Archaic Latin	Old Latin	oldl1238	qbb		Saenko (2016)	
Italic	Indo-European, Italic	Latin (Late Classical)	Late Classical Latin	Late Latin	late1252	lat	Latin	Saenko (2016)	
Italic	Indo-European, Italic, Eastern Romance	Aromanian	Aromanian	Aromanian	arom1237	rup	Aromanian	Saenko (2016)	
Italic	Indo-European, Italic, Eastern Romance	Istro-Romanian	Istro Romanian	Istro Romanian	istr1245	ruo	Istro Romanian	Saenko (2016)	
Italic	Indo-European, Italic, Eastern Romance	Megleno-Romanian	Megleno Romanian	Megleno Romanian	megl1237	ruq	Megleno Romanian	Saenko (2016)	
Italic	Indo-European, Italic, Eastern Romance	Romanian	Romanian	Romanian	roma1327	ron	Romanian	Saenko (2016)	
Italic	Indo-European, Italic, Italo-Dalmatian	Dalmatian	Dalmatian	Dalmatian	dalm1243	dlm	Dalmatian	Saenko (2016)	
Italic	Indo-European, Italic, Italo-Dalmatian	Italian (Foligno)	Foligno Italian	Italian	ital1282	ita	Italian	Saenko (2016)	
Italic	Indo-European, Italic, Italo-Dalmatian	Italian (Grosseto)	Grosseto Italian	Italian	ital1282	ita	Italian	Saenko (2016)	
Italic	Indo-European, Italic, Italo-Dalmatian	Italian (Standard)	Standard Italian	Italian	ital1282	ita	Italian	Saenko (2016)	
Italic	Indo-European, Italic, Italo-Dalmatian	Neapolitan	Neapolitan	Napoletano	napo1241	nap	Neapolitan	Saenko (2016)	
Italic	Indo-European, Italic, Italo-Dalmatian	Old Italian	Old Italian	Old Italian	fior1236	ita	Italian	Saenko (2016)	
Italic	Indo-European, Italic, Italo-Dalmatian	Sicilian (Catanian)	Catanian Sicilian	Eastern Nonmetafonetica	east2279	scn	Sicilian	Saenko (2016)	
Italic	Indo-European, Italic, Italo-Dalmatian	Sicilian (Messinese)	Messinese Sicilian	Messinese	mess1247	scn	Sicilian	Saenko (2016)	
Italic	Indo-European, Italic, Italo-Dalmatian	Sicilian (Palermitan)	Palermitan Sicilian	Western Sicilian	west2346	scn	Sicilian	Saenko (2016)	
Italic	Indo-European, Italic, Italo-Dalmatian	Sicilian (Southeastern)	South-Eastern Sicilian	Southeast Metafonetica	sout2617	scn	Sicilian	Saenko (2016)	
Italic	Indo-European, Italic, Southern Romance	Sardinian (Campidanese)	Campidanese	Campidanese Sardinian	camp1261	sro	Campidanese Sardinian	Saenko (2016)	
Italic	Indo-European, Italic, Southern Romance	Sardinian (Logudorese)	Logudorese	Logudorese Sardinian	logu1236	src	Logudorese Sardinian	Saenko (2016)	
Italic	Indo-European, Italic, Western Romance	Asturian	Asturian	Asturian	astu1246	ast	Asturian; Leonese	Saenko (2016)	
Italic	Indo-European, Italic, Western Romance	Catalan (Castelló de la Plana)	Castelló de la Plana Catalan	Valencià Meridional	vale1255	cat	Valencian	Saenko (2016)	
Italic	Indo-European, Italic, Western Romance	Catalan (Central)	Central Catalan	Central Catalan	nons1235	cat	Catalan	Saenko (2016)	
Italic	Indo-European, Italic, Western Romance	Catalan (Manises)	Manises Catalan	Valencià Septentrional	vale1253	cat	Valencian	Saenko (2016)	
Italic	Indo-European, Italic, Western Romance	Catalan (Minorcan)	Minorcan Catalan	Menorquí	meno1253	cat	Catalan	Saenko (2016)	
Italic	Indo-European, Italic, Western Romance	Catalan (Northwestern)	North-Western Catalan	Català Nord-Occidental	cata1291	cat	Catalan	Saenko (2016)	
Italic	Indo-European, Italic, Western Romance	Catalan (Valencia)	Valencia Catalan	Valencià	vale1252	cat	Valencian	Saenko (2016)	
Italic	Indo-European, Italic, Western Romance	Emiliano (Carpigiano)	Carpigiano Emiliano	Emiliano	emil1241	egl	Emilian	Saenko (2016)	
Italic	Indo-European, Italic, Western Romance	Emiliano (Ferrarese)	Ferrarese Emiliano	Eastern Emiliano	east2275	egl	Emilian	Saenko (2016)	
Italic	Indo-European, Italic, Western Romance	Emiliano (Reggiano)	Reggiano Emiliano	Central Emiliano	cent1959	egl	Emilian	Saenko (2016)	
Italic	Indo-European, Italic, Western Romance	Franco-Provençal	Savoyard Franco-Provençal	Francoprovencalic	fran1269	frp	Francoprovençal	Saenko (2016)	
Italic	Indo-European, Italic, Western Romance	French	Standard French	French	stan1290	fra	French	Saenko (2016)	
Italic	Indo-European, Italic, Western Romance	Friulian	Friulian	Friulian	friu1240	fur	Friulian	Saenko (2016)	
Italic	Indo-European, Italic, Western Romance	Galician	Galician	Galician	gali1258	glg	Galician	Saenko (2016)	
Italic	Indo-European, Italic, Western Romance	Ladin (Fassano)	Fassano Ladin	Fassano	fass1244	lld	Ladin	Saenko (2016)	
Italic	Indo-European, Italic, Western Romance	Ladin (Gardenese)	Gardenese Ladin	Gardenese	gard1241	lld	Ladin	Saenko (2016)	
Italic	Indo-European, Italic, Western Romance	Ligurian (Genoese)	Genoese Ligurian	Genoese	geno1240	lij	Ligurian	Saenko (2016)	
Italic	Indo-European, Italic, Western Romance	Ligurian (Rapallo)	Rapallo Ligurian	Ligurian	ligu1248	lij	Ligurian	Saenko (2016)	
Italic	Indo-European, Italic, Western Romance	Ligurian (Stella)	Stella Ligurian	Ligurian	ligu1248	lij	Ligurian	Saenko (2016)	
Italic	Indo-European, Italic, Western Romance	Lombard (Bergamo)	Bergamo Lombard	Bergamasco	berg1241	lmo	Lombard	Saenko (2016)	
Italic	Indo-European, Italic, Western Romance	Lombard (Plesio)	Plesio Lombard	Western Lombard	west2343	lmo	Lombard	Saenko (2016)	
Italic	Indo-European, Italic, Western Romance	Occitan	Provençal Occitan	Provençal	prov1235	oci	Occitan (post 1500)	Saenko (2016)	
Italic	Indo-European, Italic, Western Romance	Old French	Old French	Old French (842-ca. 1400)	oldf1239	fro	Old French (842-ca. 1400)	Saenko (2016)	
Italic	Indo-European, Italic, Western Romance	Picard	Picard	Picard	pica1241	pcd	Picard	Saenko (2016)	
Italic	Indo-European, Italic, Western Romance	Piemontese (Barbania)	Barbania Piemontese	Piemontese	piem1238	pms	Piemontese	Saenko (2016)	
Italic	Indo-European, Italic, Western Romance	Piemontese (Carmagnola)	Carmagnola Piemontese	Piemontese	piem1238	pms	Piemontese	Saenko (2016)	
Italic	Indo-European, Italic, Western Romance	Piemontese (Lanzo Torinese)	Lanzo Torinese Piemontese	Piemontese	piem1238	pms	Piemontese	Saenko (2016)	
Italic	Indo-European, Italic, Western Romance	Piemontese (Turinese)	Turinese Piemontese	Turinese	turi1245	pms	Piemontese	Saenko (2016)	
Italic	Indo-European, Italic, Western Romance	Piemontese (Vercellese)	Vercellese Piemontese	Piemontese	piem1238	pms	Piemontese	Saenko (2016)	
Italic	Indo-European, Italic, Western Romance	Portuguese	Standard Portuguese	Portuguese	port1283	por	Portuguese	Saenko (2016)	
Italic	Indo-European, Italic, Western Romance	Romagnol	Ravennate Romagnol	Romagnol	roma1328	rgn	Romagnol	Saenko (2016)	
Italic	Indo-European, Italic, Western Romance	Romansh (Grischun)	Rumantsch Grischun	Rumantsch Grischun	ruma1247	roh	Romansh	Saenko (2016)	
Italic	Indo-European, Italic, Western Romance	Romansh (Surmiran)	Surmiran Romansh	Surmiran-Albula	surm1243	roh	Romansh	Saenko (2016)	
Italic	Indo-European, Italic, Western Romance	Romansh (Sursilvan)	Sursilvan Romansh	Sursilvan	surs1244	roh	Romansh	Saenko (2016)	
Italic	Indo-European, Italic, Western Romance	Romansh (Vallader)	Vallader Romansh	Lower Engadine	lowe1386	roh	Romansh	Saenko (2016)	
Italic	Indo-European, Italic, Western Romance	Spanish	Castilian Spanish	Castilian	cast1244	spa	Spanish	Saenko (2016)	
Italic	Indo-European, Italic, Western Romance	Venetian (Bellunese)	Bellunese Venetian	Triestine	trie1242	vec	Venetian	Saenko (2016)	
Italic	Indo-European, Italic, Western Romance	Venetian (Primiero)	Primiero Venetian	Trentine	tret1239	vec	Venetian	Saenko (2016)	
Italic	Indo-European, Italic, Western Romance	Venetian (Venice)	Venice Venetian	Venetian Proper	vene1259	vec	Venetian	Saenko (2016)	
Italic	Indo-European, Italic, Western Romance	Walloon	Walloon	Walloon	wall1255	wln	Walloon	Saenko (2016)	
NorthEuraLex	Abkhaz-Adyge, Abkhaz-Abaza	Abkhaz	Abkhaz	Abkhaz	abkh1244	abk	Abkhazian	Dellert et al., 2019	
NorthEuraLex	Abkhaz-Adyge, Circassian	Adyghe	Adyghe	Adyghe	adyg1241	ady	Adyghe	Dellert et al., 2019	
NorthEuraLex	Afro-Asiatic, Semitic	Modern Hebrew	Modern Hebrew	Modern Hebrew	hebr1245	heb	Hebrew	Dellert et al., 2019	
NorthEuraLex	Afro-Asiatic, Semitic	Standard Arabic	Standard Arabic	Standard Arabic	stan1318	arb	Standard Arabic	Dellert et al., 2019	
NorthEuraLex	Ainu, Hokkaido-Kuril Ainu	Hokkaido Ainu	Hokkaido Ainu	Hokkaido Ainu	ainu1240	ain	Ainu (Japan)	Dellert et al., 2019	
NorthEuraLex	Basque, Basque	Basque	Basque	Basque	basq1248	eus	Basque	Dellert et al., 2019	
NorthEuraLex	Burushaski, Burushaski	Burushaski	Burushaski	Burushaski	buru1296	bsk	Burushaski	Dellert et al., 2019	
NorthEuraLex	Chukotko-Kamchatkan, Chukotian	Chukchi	Chukchi	Chukchi	chuk1273	ckt	Chukot	Dellert et al., 2019	
NorthEuraLex	Chukotko-Kamchatkan, Itelmen	Itelmen	Itelmen	West Itelmen	itel1242	itl	Itelmen	Dellert et al., 2019	
NorthEuraLex	Dravidian, South Dravidian	Kannada	Kannada	Kannada	nucl1305	kan	Kannada	Dellert et al., 2019	
NorthEuraLex	Dravidian, South Dravidian	Malayalam	Malayalam	Malayalam	mala1464	mal	Malayalam	Dellert et al., 2019	
NorthEuraLex	Dravidian, South Dravidian	Tamil	Tamil	Tamil	tami1289	tam	Tamil	Dellert et al., 2019	
NorthEuraLex	Dravidian, South Dravidian	Telugu	Telugu	Telugu	telu1262	tel	Telugu	Dellert et al., 2019	
NorthEuraLex	Eskimo-Aleut, Aleut	Aleut	Aleut	Aleut	aleu1260	ale	Aleut	Dellert et al., 2019	
NorthEuraLex	Eskimo-Aleut, Eskimo	Central Siberian Yupik	Central Siberian Yupik	Central Siberian Yupik	cent2128	ess	Central Siberian Yupik	Dellert et al., 2019	
NorthEuraLex	Eskimo-Aleut, Eskimo	Kalaallisut	Kalaallisut	Kalaallisut	kala1399	kal	Kalaallisut	Dellert et al., 2019	
NorthEuraLex	Indo-European, Albanian	Standard Albanian	Standard Albanian	Albanian	alba1267	sqi	Albanian	Dellert et al., 2019	
NorthEuraLex	Indo-European, Armenic	Armenian	Armenian	Eastern Armenian	nucl1235	hye	Armenian	Dellert et al., 2019	
NorthEuraLex	Indo-European, Balto-Slavic, Baltic	Latvian	Latvian	Latvian	latv1249	lav	Latvian	Dellert et al., 2019	
NorthEuraLex	Indo-European, Balto-Slavic, Baltic	Lithuanian	Lithuanian	Lithuanian	lith1251	lit	Lithuanian	Dellert et al., 2019	
NorthEuraLex	Indo-European, Balto-Slavic, Slavic	Belarusian	Belarusian	Belarusian	bela1254	bel	Belarusian	Dellert et al., 2019	
NorthEuraLex	Indo-European, Balto-Slavic, Slavic	Bulgarian	Bulgarian	Bulgarian	bulg1262	bul	Bulgarian	Dellert et al., 2019	
NorthEuraLex	Indo-European, Balto-Slavic, Slavic	Croatian	Croatian	Croatian Standard	croa1245	hrv	Croatian	Dellert et al., 2019	
NorthEuraLex	Indo-European, Balto-Slavic, Slavic	Czech	Czech	Czech	czec1258	ces	Czech	Dellert et al., 2019	
NorthEuraLex	Indo-European, Balto-Slavic, Slavic	Polish	Polish	Polish	poli1260	pol	Polish	Dellert et al., 2019	
NorthEuraLex	Indo-European, Balto-Slavic, Slavic	Russian	Russian	Russian	russ1263	rus	Russian	Dellert et al., 2019	
NorthEuraLex	Indo-European, Balto-Slavic, Slavic	Slovak	Slovak	Slovak	slov1269	slk	Slovak	Dellert et al., 2019	
NorthEuraLex	Indo-European, Balto-Slavic, Slavic	Slovene	Slovene	Slovenian	slov1268	slv	Slovenian	Dellert et al., 2019	
NorthEuraLex	Indo-European, Balto-Slavic, Slavic	Ukrainian	Ukrainian	Ukrainian	ukra1253	ukr	Ukrainian	Dellert et al., 2019	
NorthEuraLex	Indo-European, Celtic	Breton	Breton	Breton	bret1244	bre	Breton	Dellert et al., 2019	
NorthEuraLex	Indo-European, Celtic	Irish	Irish	Irish	iris1253	gle	Irish	Dellert et al., 2019	
NorthEuraLex	Indo-European, Celtic	Welsh	Welsh	Welsh	wels1247	cym	Welsh	Dellert et al., 2019	
NorthEuraLex	Indo-European, Germanic	Danish	Danish	Danish	dani1285	dan	Danish	Dellert et al., 2019	
NorthEuraLex	Indo-European, Germanic	Dutch	Dutch	Dutch	dutc1256	nld	Dutch; Flemish	Dellert et al., 2019	
NorthEuraLex	Indo-European, Germanic	English	English	English	stan1293	eng	English	Dellert et al., 2019	
NorthEuraLex	Indo-European, Germanic	German	German	German	stan1295	deu	German	Dellert et al., 2019	
NorthEuraLex	Indo-European, Germanic	Icelandic	Icelandic	Icelandic	icel1247	isl	Icelandic	Dellert et al., 2019	
NorthEuraLex	Indo-European, Germanic	Norwegian (Bokmål)	Norwegian (Bokmål)	Norwegian	norw1258	nor	Norwegian	Dellert et al., 2019	
NorthEuraLex	Indo-European, Germanic	Swedish	Swedish	Swedish	swed1254	swe	Swedish	Dellert et al., 2019	
NorthEuraLex	Indo-European, Graeco-Phrygian, Greek	Modern Greek	Modern Greek	Modern Greek	mode1248	ell	Modern Greek (1453-)	Dellert et al., 2019	
NorthEuraLex	Indo-European, Indo-Iranian, Indo-Aryan	Bengali	Bengali	Bengali	beng1280	ben	Bengali	Dellert et al., 2019	
NorthEuraLex	Indo-European, Indo-Iranian, Indo-Aryan	Hindi	Hindi	Hindi	hind1269	hin	Hindi	Dellert et al., 2019	
NorthEuraLex	Indo-European, Indo-Iranian, Iranian	Northern Kurdish	Northern Kurdish	Northern Kurdish	nort2641	kmr	Northern Kurdish	Dellert et al., 2019	
NorthEuraLex	Indo-European, Indo-Iranian, Iranian	Northern Pashto	Northern Pashto	Northern Pashto	nort2646	pbu	Northern Pashto	Dellert et al., 2019	
NorthEuraLex	Indo-European, Indo-Iranian, Iranian	Ossetian	Ossetian	Modern Ossetic	osse1243	oss	Ossetic	Dellert et al., 2019	
NorthEuraLex	Indo-European, Indo-Iranian, Iranian	Western Farsi	Western Farsi	Western Farsi	west2369	pes	Iranian Persian	Dellert et al., 2019	
NorthEuraLex	Indo-European, Italic	Catalan	Catalan	Catalan	stan1289	cat	Catalan; Valencian	Dellert et al., 2019	
NorthEuraLex	Indo-European, Italic	French	French	French	stan1290	fra	French	Dellert et al., 2019	
NorthEuraLex	Indo-European, Italic	Italian	Italian	Italian	ital1282	ita	Italian	Dellert et al., 2019	
NorthEuraLex	Indo-European, Italic	Latin	Latin	Latin	lati1261	lat	Latin	Dellert et al., 2019	
NorthEuraLex	Indo-European, Italic	Portuguese	Portuguese	Portuguese	port1283	por	Portuguese	Dellert et al., 2019	
NorthEuraLex	Indo-European, Italic	Romanian	Romanian	Romanian	roma1327	ron	Romanian	Dellert et al., 2019	
NorthEuraLex	Indo-European, Italic	Spanish	Spanish	Spanish	stan1288	spa	Spanish	Dellert et al., 2019	
NorthEuraLex	Japonic, Japanesic	Japanese	Japanese	Japanese	nucl1643	jpn	Japanese	Dellert et al., 2019	
NorthEuraLex	Kartvelian, Georgian-Zan	Georgian	Georgian	Georgian	nucl1302	kat	Georgian	Dellert et al., 2019	
NorthEuraLex	Koreanic, Korean	Korean	Korean	Korean	kore1280	kor	Korean	Dellert et al., 2019	
NorthEuraLex	Mongolic, Eastern Mongolic	Buryat	Buryat	Buriat	buri1258	bua	Buriat	Dellert et al., 2019	
NorthEuraLex	Mongolic, Eastern Mongolic	Kalmyk	Kalmyk	Oirad-Kalmyk-Darkhat	kalm1243	xal	Oirat	Dellert et al., 2019	
NorthEuraLex	Mongolic, Eastern Mongolic	Khalkha Mongolian	Khalkha Mongolian	Halh Mongolian	halh1238	khk	Halh Mongolian	Dellert et al., 2019	
NorthEuraLex	Nakh-Daghestanian, Daghestanian	Avar	Avar	Avar	avar1256	ava	Avaric	Dellert et al., 2019	
NorthEuraLex	Nakh-Daghestanian, Daghestanian	Dargwa	Dargwa	North-Central Dargwa	darg1241	dar	Dargwa	Dellert et al., 2019	
NorthEuraLex	Nakh-Daghestanian, Daghestanian	Lak	Lak	Lak	lakk1252	lbe	Lak	Dellert et al., 2019	
NorthEuraLex	Nakh-Daghestanian, Daghestanian	Lezgian	Lezgian	Lezgian	lezg1247	lez	Lezghian	Dellert et al., 2019	
NorthEuraLex	Nakh-Daghestanian, Daghestanian	Tsez	Tsez	Tsez	dido1241	ddo	Dido	Dellert et al., 2019	
NorthEuraLex	Nakh-Daghestanian, Nakh	Chechen	Chechen	Chechen	chec1245	che	Chechen	Dellert et al., 2019	
NorthEuraLex	Nivkh, Nivkh	Nivkh	Nivkh	Amur Nivkh	gily1242	niv	Gilyak	Dellert et al., 2019	
NorthEuraLex	Sino-Tibetan, Sinitic	Mandarin Chinese	Mandarin Chinese	Mandarin Chinese	mand1415	cmn	Mandarin Chinese		
NorthEuraLex	Tungusic, Central Tungusic	Nanai	Nanai	Nanai	nana1257	gld	Nanai	Dellert et al., 2019	
NorthEuraLex	Tungusic, Manchu-Jurchen	Manchu	Manchu	Manchu	manc1252	mnc	Manchu	Dellert et al., 2019	
NorthEuraLex	Tungusic, Northern Tungusic	Evenki	Evenki	Evenki	even1259	evn	Evenki	Dellert et al., 2019	
NorthEuraLex	Turkic, Bolgar	Chuvash	Chuvash	Chuvash	chuv1255	chv	Chuvash	Dellert et al., 2019	
NorthEuraLex	Turkic, Kipchak	Bashkir	Bashkir	Bashkir	bash1264	bak	Bashkir	Dellert et al., 2019	
NorthEuraLex	Turkic, Kipchak	Kazakh	Kazakh	Kazakh	kaza1248	kaz	Kazakh	Dellert et al., 2019	
NorthEuraLex	Turkic, Kipchak	Tatar	Tatar	Tatar	tata1255	tat	Tatar	Dellert et al., 2019	
NorthEuraLex	Turkic, North Siberian Turkic	Sakha	Sakha	Sakha	yaku1245	sah	Yakut	Dellert et al., 2019	
NorthEuraLex	Turkic, Oghuz	North Azerbaijani	North Azerbaijani	North Azerbaijani	nort2697	azj	North Azerbaijani	Dellert et al., 2019	
NorthEuraLex	Turkic, Oghuz	Turkish	Turkish	Turkish	nucl1301	tur	Turkish	Dellert et al., 2019	
NorthEuraLex	Turkic, Turkestan Turkic	Northern Uzbek	Northern Uzbek	Northern Uzbek	nort2690	uzn	Northern Uzbek	Dellert et al., 2019	
NorthEuraLex	Uralic, Finnic	Estonian	Estonian	Estonian	esto1258	ekk	Standard Estonian	Dellert et al., 2019	
NorthEuraLex	Uralic, Finnic	Finnish	Finnish	Finnish	finn1318	fin	Finnish	Dellert et al., 2019	
NorthEuraLex	Uralic, Finnic	Livonian	Livonian	Liv	livv1244	liv	Liv	Dellert et al., 2019	
NorthEuraLex	Uralic, Finnic	North Karelian	North Karelian	Karelian	kare1335	krl	Karelian	Dellert et al., 2019	
NorthEuraLex	Uralic, Finnic	Olonets Karelian	Olonets Karelian	Livvi	livv1243	olo	Livvi	Dellert et al., 2019	
NorthEuraLex	Uralic, Finnic	Veps	Veps	Veps	veps1250	vep	Veps	Dellert et al., 2019	
NorthEuraLex	Uralic, Ugric, Hungarian	Hungarian	Hungarian	Hungarian	hung1274	hun	Hungarian	Dellert et al., 2019	
NorthEuraLex	Uralic, Ugric, Khantyic	Northern Khanty	Northern Khanty	Kazym-Berezover-Suryskarer Khanty	khan1273	kca	Khanty	Dellert et al., 2019	
NorthEuraLex	Uralic, Ugric, Mansic	Northern Mansi	Northern Mansi	Northern Mansi	mans1258	mns	Mansi	Dellert et al., 2019	
NorthEuraLex	Uralic, Mari	Hill Mari	Hill Mari	Western Mari	west2392	mrj	Western Mari	Dellert et al., 2019	
NorthEuraLex	Uralic, Mari	Meadow Mari	Meadow Mari	Eastern Mari	east2328	mhr	Eastern Mari	Dellert et al., 2019	
NorthEuraLex	Uralic, Mordvin	Erzya	Erzya	Erzya	erzy1239	myv	Erzya	Dellert et al., 2019	
NorthEuraLex	Uralic, Mordvin	Moksha	Moksha	Moksha	moks1248	mdf	Moksha	Dellert et al., 2019	
NorthEuraLex	Uralic, Permian	Komi-Permyak	Komi-Permyak	Komi-Permyak	komi1269	koi	Komi-Permyak	Dellert et al., 2019	
NorthEuraLex	Uralic, Permian	Komi-Zyrian	Komi-Zyrian	Komi-Zyrian	komi1268	kpv	Komi-Zyrian	Dellert et al., 2019	
NorthEuraLex	Uralic, Permian	Udmurt	Udmurt	Udmurt	udmu1245	udm	Udmurt	Dellert et al., 2019	
NorthEuraLex	Uralic, Saami	Inari Sami	Inari Sami	Inari Saami	inar1241	smn	Inari Sami	Dellert et al., 2019	
NorthEuraLex	Uralic, Saami	Kildin Sami	Kildin Sami	Kildin Saami	kild1236	sjd	Kildin Sami	Dellert et al., 2019	
NorthEuraLex	Uralic, Saami	Lule Sami	Lule Sami	Lule Saami	lule1254	smj	Lule Sami	Dellert et al., 2019	
NorthEuraLex	Uralic, Saami	Northern Sami	Northern Sami	North Saami	nort2671	sme	Northern Sami	Dellert et al., 2019	
NorthEuraLex	Uralic, Saami	Skolt Sami	Skolt Sami	Skolt Saami	skol1241	sms	Skolt Sami	Dellert et al., 2019	
NorthEuraLex	Uralic, Saami	Southern Sami	Southern Sami	South Saami	sout2674	sma	Southern Sami	Dellert et al., 2019	
NorthEuraLex	Uralic, Samoyedic	Forest Enets	Forest Enets	Forest Enets	fore1265	enf	Forest Enets	Dellert et al., 2019	
NorthEuraLex	Uralic, Samoyedic	Nganasan	Nganasan	Nganasan	ngan1291	nio	Nganasan	Dellert et al., 2019	
NorthEuraLex	Uralic, Samoyedic	Northern Selkup	Northern Selkup	Selkup	selk1253	sel	Selkup	Dellert et al., 2019	
NorthEuraLex	Uralic, Samoyedic	Tundra Nenets	Tundra Nenets	Tundra Nenets	nene1249	yrk	Nenets	Dellert et al., 2019	
NorthEuraLex	Yeniseian, Northern Yeniseian	Ket	Ket	Ket	kett1243	ket	Ket	Dellert et al., 2019	
NorthEuraLex	Yukaghir, Kolymic	Southern Yukaghir	Southern Yukaghir	Southern Yukaghir	sout2750	yux	Southern Yukaghir	Dellert et al., 2019	
NorthEuraLex	Yukaghir, Northern Yukaghir	Northern Yukaghir	Northern Yukaghir	Northern Yukaghir	nort2745	ykg	Northern Yukaghir	Dellert et al., 2019	
Polynesian	Austronesian, Polynesian	Proto-Polynesian	Polynesian	Polynesian	poly1242			Walworth, 2018	
Polynesian	Austronesian, Polynesian, Anuta	Anuta	Anuta	Anuta	anut1237	aud	Anuta	Walworth, 2018	
Polynesian	Austronesian, Polynesian, Carolinean Outlier Polynesian	Kapingamarangi	Kapingamarangi	Kapingamarangi	kapi1249	kpg	Kapingamarangi	Walworth, 2018	
Polynesian	Austronesian, Polynesian, East Futuna	East Futuna	EastFutuna	East Futuna	east2447	fud	East Futuna	Walworth, 2018	
Polynesian	Austronesian, Polynesian, East Polynesian	Austral A	AustralA	Austral	aust1304	aut	Austral	Walworth, 2018	
Polynesian	Austronesian, Polynesian, East Polynesian	Austral B	AustralB	Austral	aust1304	aut	Austral	Walworth, 2018	
Polynesian	Austronesian, Polynesian, East Polynesian	Hawaiian	Hawaiian	Hawaiian	hawa1245	haw	Hawaiian	Walworth, 2018	
Polynesian	Austronesian, Polynesian, East Polynesian	Mangareva	Mangareva	Mangareva	mang1401	mrv	Mangareva	Walworth, 2018	
Polynesian	Austronesian, Polynesian, East Polynesian	Maori	Maori	Maori	maor1246	mri	Maori	Walworth, 2018	
Polynesian	Austronesian, Polynesian, East Polynesian	North Marquesan	NorthMarquesan	North Marquesan	nort2845	mrq	North Marquesan	Walworth, 2018	
Polynesian	Austronesian, Polynesian, East Polynesian	Penrhyn	Penrhyn	Māngarongaro	penr1237	pnh	Penrhyn	Walworth, 2018	
Polynesian	Austronesian, Polynesian, East Polynesian	RakahangaManihiki	RakahangaManihiki	Rakahanga-Manihiki	raka1237	rkh	Rakahanga-Manihiki	Walworth, 2018	
Polynesian	Austronesian, Polynesian, East Polynesian	Rapanui	Rapanui	Rapanui	rapa1244	rap	Rapanui	Walworth, 2018	
Polynesian	Austronesian, Polynesian, East Polynesian	Rarotongan	Rarotongan	Southern Cook Island Maori	raro1241	rar	Rarotongan	Walworth, 2018	
Polynesian	Austronesian, Polynesian, East Polynesian	Tahitian	Tahitian	Tahitian	tahi1242	tah	Tahitian	Walworth, 2018	
Polynesian	Austronesian, Polynesian, East Polynesian	Tuamotuan	Tuamotuan	Tuamotuan	tuam1242	pmt	Tuamotuan	Walworth, 2018	
Polynesian	Austronesian, Polynesian, East Uvean-Niuafo'ou	Wallisian	Wallisian	East Uvean	wall1257	wls	Wallisian	Walworth, 2018	
Polynesian	Austronesian, Polynesian, Ellicean	Samoan	Samoan	Samoan	samo1305	smo	Samoan	Walworth, 2018	
Polynesian	Austronesian, Polynesian, Ellicean	Tuvalu	Tuvalu	Tuvalu	tuva1244	tvl	Tuvalu	Walworth, 2018	
Polynesian	Austronesian, Polynesian, Pukapuka	Pukapuka	Pukapuka	Pukapuka	puka1242	pkp	Pukapuka	Walworth, 2018	
Polynesian	Austronesian, Polynesian, Rennell-Bellona	RennellBellona	RennellBellona	Rennell-Bellona	renn1242	mnv	Rennell-Bellona	Walworth, 2018	
Polynesian	Austronesian, Polynesian, Solomons Northern Outlier Polynesian	Luangiua	Luangiua	Luangiua	onto1237	ojv	Ontong Java	Walworth, 2018	
Polynesian	Austronesian, Polynesian, Solomons Northern Outlier Polynesian	Nukuria	Nukuria	Nukuria	nuku1259	nur	Nukuria	Walworth, 2018	
Polynesian	Austronesian, Polynesian, Solomons Northern Outlier Polynesian	Sikaiana	Sikaiana	Sikaiana	sika1261	sky	Sikaiana	Walworth, 2018	
Polynesian	Austronesian, Polynesian, Tikopia	Tikopia	Tikopia	Tikopia	tiko1237	tkp	Tikopia	Walworth, 2018	
Polynesian	Austronesian, Polynesian, Tongic	Niuean	Niuean	Niuean	niue1239	niu	Niuean	Walworth, 2018	
Polynesian	Austronesian, Polynesian, Tongic	Tongan	TongatongaIslands	Tonga (Tonga Islands)	tong1325	ton	Tonga (Tonga Islands)	Walworth, 2018	
Polynesian	Austronesian, Polynesian, Vaeakau-Taumako	Vaeakau-Taumako	VaeakauTaumako	Vaeakau-Taumako	pile1238	piv	Vaeakau-Taumako	Walworth, 2018	
Polynesian	Austronesian, Polynesian, Vanuatu-Loyalty Outliers	Emae	Emae	Emae	emae1237	mmw	Emae	Walworth, 2018	
Polynesian	Austronesian, Polynesian, Vanuatu-Loyalty Outliers	Futuna-Aniwa	FutunaAniwa	Futuna-Aniwa	futu1245	fut	Futuna-Aniwa	Walworth, 2018	
Polynesian	Austronesian, Polynesian, Vanuatu-Loyalty Outliers	Mele-Fila	MeleFila	Mele-Fila	mele1250	mxe	Mele-Fila	Walworth, 2018	
Sinitic	Sino-Tibetan, Sinitic, Gan	Nanchang	Nanchang	Nanchang	nanc1254	gan	Gan Chinese	Líu et al., 2007	
Sinitic	Sino-Tibetan, Sinitic, Hakka	Meixian	Meixian	Meixian	yuet1238	hak	Hakka Chinese	Líu et al., 2007	
Sinitic	Sino-Tibetan, Sinitic, Hui	Jixi	Jixi	Jixi	jixi1238	czh	Huizhou Chinese	Líu et al., 2007	
Sinitic	Sino-Tibetan, Sinitic, Jin	Taiyuan	Taiyuan	Taiyuan	taiy1243	cjy	Jinyu Chinese	Líu et al., 2007	
Sinitic	Sino-Tibetan, Sinitic, Mandarin	Beijing	Beijing	Beijing Mandarin	beij1234	cmn	Mandarin Chinese	Líu et al., 2007	
Sinitic	Sino-Tibetan, Sinitic, Mandarin	Chengdu	Chengdu	Chengdu Mandarin	chen1267	cmn	Mandarin Chinese	Líu et al., 2007	
Sinitic	Sino-Tibetan, Sinitic, Mandarin	Ha'erbin	Haerbin	Ha'erbin Mandarin	haer1234	cmn	Mandarin Chinese	Líu et al., 2007	
Sinitic	Sino-Tibetan, Sinitic, Mandarin	Jinan	Jinan	Jinan Mandarin	jina1245	cmn	Mandarin Chinese	Líu et al., 2007	
Sinitic	Sino-Tibetan, Sinitic, Mandarin	Nanjing	Nanjing	Nanjing Mandarin	nanj1234	cmn	Mandarin Chinese	Líu et al., 2007	
Sinitic	Sino-Tibetan, Sinitic, Mandarin	Rongcheng	Rongcheng	Rongcheng Mandarin	rong1271	cmn	Mandarin Chinese	Líu et al., 2007	
Sinitic	Sino-Tibetan, Sinitic, Mandarin	Xi'an	XiAn	Xi'an Mandarin	xian1253	cmn	Mandarin Chinese	Líu et al., 2007	
Sinitic	Sino-Tibetan, Sinitic, Min	Fuzhou	Fuzhou	Houguan	fuzh1239	cdo	Min Dong Chinese	Líu et al., 2007	
Sinitic	Sino-Tibetan, Sinitic, Min	Xiamen	Xiamen	Xiamen	xiam1236	cdo	Min Dong Chinese	Líu et al., 2007	
Sinitic	Sino-Tibetan, Sinitic, Pinghua	Guilin	Guilin	Guilin Pinghua	guil1241	cnp	Northern Pinghua	Líu et al., 2007	
Sinitic	Sino-Tibetan, Sinitic, Wu	Suzhou	Suzhou	Suzhou	suzh1234	wuu	Wu Chinese	Líu et al., 2007	
Sinitic	Sino-Tibetan, Sinitic, Wu	Wenzhou	Wenzhou	Wenzhou	ouji1238	wuu	Wu Chinese	Líu et al., 2007	
Sinitic	Sino-Tibetan, Sinitic, Xiang	Changsha	Changsha	Changsha	chan1326	hsn	Xiang Chinese	Líu et al., 2007	
Sinitic	Sino-Tibetan, Sinitic, Xiang	Loudi	Loudi	Loudi	loud1234	hsn	Xiang Chinese	Líu et al., 2007	
Sinitic	Sino-Tibetan, Sinitic, Yue	Guangzhou	Guangzhou	Guangzhou	guan1279	yue	Yue Chinese	Líu et al., 2007	
Turkic	Turkic, Bolgar	Chuvash	Chuvash	Chuvash	chuv1255	chv	Chuvash	Savelyev & Robbeets (2020)	
Turkic	Turkic, Central Siberian Turkic	Baraba Tatar	BarabaTatar	Baraba	bara1273	sty	Siberian Tatar	Savelyev & Robbeets (2020)	
Turkic	Turkic, Khalaj	Khalaj	Khalaj	Turkic Khalaj	turk1303	klj	Khalaj	Savelyev & Robbeets (2020)	
Turkic	Turkic, Kipchak	Bashkir	Bashkir	Bashkir	bash1264	bak	Bashkir	Savelyev & Robbeets (2020)	
Turkic	Turkic, Kipchak	Crimean Tatar	CrimeanTatar	Crimean Tatar	crim1257	crh	Crimean Turkish	Savelyev & Robbeets (2020)	
Turkic	Turkic, Kipchak	Kara-Kalpak	KaraKalpak	Kara-Kalpak	kara1467	kaa	Kara-Kalpak	Savelyev & Robbeets (2020)	
Turkic	Turkic, Kipchak	Karachay-Balkar	KarachayBalkar	Karachay-Balkar	kara1465	krc	Karachay-Balkar	Savelyev & Robbeets (2020)	
Turkic	Turkic, Kipchak	Karaim	Karaim	Karaim	kara1464	kdr	Karaim	Savelyev & Robbeets (2020)	
Turkic	Turkic, Kipchak	Kazakh	Kazakh	Kazakh	kaza1248	kaz	Kazakh	Savelyev & Robbeets (2020)	
Turkic	Turkic, Kipchak	Kumyk	Kumyk	Kumyk	kumy1244	kum	Kumyk	Savelyev & Robbeets (2020)	
Turkic	Turkic, Kipchak	Kyrgyz	Kirghiz	Kirghiz	kirg1245	kir	Kyrgyz	Savelyev & Robbeets (2020)	
Turkic	Turkic, Kipchak	Middle Kipchak	CodexCumanicus					Savelyev & Robbeets (2020)	
Turkic	Turkic, Kipchak	Nogai	Nogai	Nogai	noga1249	nog	Nogai	Savelyev & Robbeets (2020)	
Turkic	Turkic, Kipchak	Southern Altai	SouthAltai	Altai-Kizi	alta1277	alt	Southern Altai	Savelyev & Robbeets (2020)	Viryal dialect
Turkic	Turkic, Kipchak	Tatar	KazanTatar	Kazan Tatar	kaza1250	tat	Tatar	Savelyev & Robbeets (2020)	
Turkic	Turkic, North Siberian Turkic	Dolgan	Dolgan	Dolgan	dolg1241	dlg	Dolgan	Savelyev & Robbeets (2020)	
Turkic	Turkic, North Siberian Turkic	Yakut	Yakut	Sakha	yaku1245	sah	Yakut	Savelyev & Robbeets (2020)	
Turkic	Turkic, Oghuz	Azerbaijani	Azeri	North Azerbaijani	nort2697	azj	North Azerbaijani	Savelyev & Robbeets (2020)	
Turkic	Turkic, Oghuz	Gagauz	Gagauz	Gagauz	gaga1249	gag	Gagauz	Savelyev & Robbeets (2020)	
Turkic	Turkic, Oghuz	Salar	Salar	Salar	sala1264	slr	Salar	Savelyev & Robbeets (2020)	
Turkic	Turkic, Oghuz	Turkish	Turkish	Turkish	nucl1301	tur	Turkish	Savelyev & Robbeets (2020)	Dialects of Halych and Trakai
Turkic	Turkic, Oghuz	Turkmen	Turkmen	Turkmen	turk1304	tuk	Turkmen	Savelyev & Robbeets (2020)	
Turkic	Turkic, South Siberian Turkic	Chulym	MiddleChulym	Middle Chulym Turkic	midd1324	clw	Chulym	Savelyev & Robbeets (2020)	
Turkic	Turkic, South Siberian Turkic	Khakas	Khakas	Khakas	khak1248	kjh	Khakas	Savelyev & Robbeets (2020)	
Turkic	Turkic, South Siberian Turkic	Northern Altai	NorthAltai	Chelkan	chel1242	atv	Northern Altai	Savelyev & Robbeets (2020)	Middle Kipchak variety attested in the Codex Cumanicus manuscript, dating from the early 14th century AD
Turkic	Turkic, South Siberian Turkic	Shor	Shor	Shor	shor1247	cjs	Shor	Savelyev & Robbeets (2020)	
Turkic	Turkic, South Siberian Turkic	Tofa	Tofa	Tofa	tofa1248	kim	Karagas	Savelyev & Robbeets (2020)	Altay-Kiži dialect
Turkic	Turkic, South Siberian Turkic	Tuvan	Tuvan	Tuvinian	tuvi1240	tyv	Tuvinian	Savelyev & Robbeets (2020)	
Turkic	Turkic, South Siberian Turkic	West Yugur	SarygYugur	West Yugur	west2402	ybe	West Yugur	Savelyev & Robbeets (2020)	
Turkic	Turkic, Turkestan Turkic	Old Turkic	OldTurkic	Old Turkic	oldu1238	oui	Old Uighur	Savelyev & Robbeets (2020)	Sakha
Turkic	Turkic, Turkestan Turkic	Uyghur	Uyghur	Uighur	uigh1240	uig	Uyghur	Savelyev & Robbeets (2020)	
Turkic	Turkic, Turkestan Turkic	Uzbek	Uzbek	Uzbek	uzbe1247	uzb	Uzbek	Savelyev & Robbeets (2020)	
Uralic	Uralic	Proto-Uralic	Proto-Uralic*					De Heer et al.; Syrjänen	
Uralic	Uralic, Saami	South Saami	South Saami	South Saami	sout2674	sma	Southern Sami	De Heer et al.; Syrjänen	
Uralic	Uralic, Saami	Ume Saami	Ume Saami	Ume Saami	umes1235	sju	Ume Sami	De Heer et al.; Syrjänen	
Uralic	Uralic, Saami	Pite Saami	Pite Saami	Pite Saami	pite1240	sje	Pite Sami	De Heer et al.; Syrjänen	
Uralic	Uralic, Saami	North Saami	North Saami	North Saami	nort2671	sme	Northern Sami	De Heer et al.; Syrjänen	
Uralic	Uralic, Saami	Inari Saami	Inari Saami	Inari Saami	inar1241	smn	Inari Sami	De Heer et al.; Syrjänen	Chelkan dialect
Uralic	Uralic, Saami	Skolt Saami	Skolt Saami	Skolt Saami	skol1241	sms	Skolt Sami	De Heer et al.; Syrjänen	
Uralic	Uralic, Saami	Kildin Saami	Kildin Saami	Kildin Saami	kild1236	sjd	Kildin Sami	De Heer et al.; Syrjänen	
Uralic	Uralic, Finnic	Finnish	Standard Finnish	Finnish	finn1318	fin	Finnish	De Heer et al.; Syrjänen	
Uralic	Uralic, Finnic	Karelian	Karelian Proper	Karelian	kare1335	krl	Karelian	De Heer et al.; Syrjänen	West Yugur, Yellow Uyghur
Uralic	Uralic, Finnic	Veps	Veps	Veps	veps1250	vep	Veps	De Heer et al.; Syrjänen	Old Uyghur texts from the 9th century AD
Uralic	Uralic, Finnic	Ingrian	Ingrian	Ingrian	ingr1248	izh	Ingrian	De Heer et al.; Syrjänen	
Uralic	Uralic, Finnic	Votic	Western Votic	West Vod	west2391	vot	Votic	De Heer et al.; Syrjänen	
Uralic	Uralic, Finnic	Estonian	Standard Estonian	Estonian	esto1258	ekk	Standard Estonian	De Heer et al.; Syrjänen	
Uralic	Uralic, Finnic	Võro	Võro South Estonian	South Estonian	sout2679	vro	Võro	De Heer et al.; Syrjänen	
Uralic	Uralic, Finnic	Livonian	Courland Livonian	Courland Livonian	west1760	liv	Liv	De Heer et al.; Syrjänen	
Uralic	Uralic, Mordvin	Erzya	Erzya	Erzya	erzy1239	myv	Erzya	De Heer et al.; Syrjänen	
Uralic	Uralic, Mari	Mari	Meadow Mari	Eastern Mari	east2328	mhr	Eastern Mari	De Heer et al.; Syrjänen	
Uralic	Uralic, Permic	Komi-Zyrian	Komi-Zyrian	Komi-Zyrian	komi1268	kpv	Komi-Zyrian	De Heer et al.; Syrjänen	
Uralic	Uralic, Permic	Komi-Permyak	Komi-Permyak	Komi-Permyak	komi1269	koi	Komi-Permyak	De Heer et al.; Syrjänen	
Uralic	Uralic, Permic	Udmurt	Udmurt	Udmurt	udmu1245	udm	Udmurt	De Heer et al.; Syrjänen	
Uralic	Uralic, Ugric, Hungarian	Hungarian	Hungarian	Hungarian	hung1274	hun	Hungarian	De Heer et al.; Syrjänen	
Uralic	Uralic, Ugric, Mansic	Mansi	Sosva Mansi	Sosva Mansi	nort2677	mns	Mansi	De Heer et al.; Syrjänen	
Uralic	Uralic, Ugric, Khantyic	Khanty	Vakh-Vasyugan Khanty	Vach-Vasjugan	fare1244			De Heer et al.; Syrjänen	
Uralic	Uralic, Samoyedic	Nganasan	Nganasan	Nganasan	ngan1291	nio	﻿Nganasan	De Heer et al.; Syrjänen	
Uralic	Uralic, Samoyedic	Tundra Nenets	Tundra Nenets	Tundra Nenets	nene1249	yrk	﻿Nenets	De Heer et al.; Syrjänen	
Uralic	Uralic, Samoyedic	Selkup	Selkup	Taz-Turukhan	tazz1244	sel	﻿Selkup	De Heer et al.; Syrjänen	
