1094/lii/liː
1156/mafela/mafela
1156/tatala/tatala
1156/hue/hue
1410/iloa/iloa
1432/kati/kati
1434/tui/tui
1434/velo/velo
1460/loto/loto
1586/hogi/hoɡi
1725/muna tonu/munatonu
2101/mate/mate
2103/malaga/malaɡa
2279/mooe/moːe
2279/ikai/ikai
354/tukituki/tukituki
3764/maahei/maːhei
3805/mamaa/mamaː
ABOVE/luga/luɡa
ALL/katoa/katoa
ASH/pefu/pefu
AT/i/i
BACK/tua/tua
BELLY/tinae/tinae
BELOW OR UNDER/lalo/lalo
BIG/lahi/lahi
BIRD/manulele/manulele
BLACK/uli/uli
BLOOD/kelakela/kelakela
BLOOD/toto/toto
BLOW (OF WIND)/puhi/puhi
BLOW (OF WIND)/agi/aɡi
BONE/ivi/ivi
BRANCH/kaulaa/kaulaː
BREAST/uu/uː
BREATHE/gaegae/ɡaeɡae
BREATHE/mapu/mapu
BURN/tugia/tuɡia
BURN/tafu/tafu
BUY/fakatau mai/fakataumai
BUY/tata/tata
CHEW/gugu/ɡuɡu
CHEW/gau/ɡau
CHEW/mama/mama
CHEW/lamu/lamu
CHILD/tamaliki/tamaliki
CHILD/tama/tama
CHOOSE/fili/fili
CLIMB/kake/kake
CLOUD/kaumana/kaumana
COLD/makalili/makalili
COLD/maaluuluu/maːluːluː
COME/mai/mai
COME/hau/hau
COOK (SOMETHING)/tunu/tunu
COUNT/lau/lau
COUNT/tau/tau
CRY/tagi/taɡi
DAY (NOT NIGHT)/ao/ao
DIG/koli/koli
DIG/kenu/kenu
DIRTY/kelekelea/kelekelea
DIRTY/pala/pala
DOG/kulii/kuliː
DREAM (SOMETHING)/moemiti/moemiti
DRINK/inu/inu
DRY/tauaki/tauaki
DUST/paefu/paefu
EAR/taliga/taliɡa
EARTH (SOIL)/kele/kele
EAT/kai/kai
EGG/fua/fua
EIGHT/valu/valu
EYE/mata/mata
FALL/too/toː
FAR/mamao/mamao
FAT (ORGANIC SUBSTANCE)/gako/ɡako
FEAR (BE AFRAID)/mataku/mataku
FEATHER/fulu/fulu
FEMALE PERSON/fafine/fafine
FIRE/kavakava/kavakava
FIRE/afi/afi
FISH/ika/ika
FIVE/lima/lima
FLESH OR MEAT/kanofi/kanofi
FLOW/tafe/tafe
FLOW/hua/hua
FLOWER/pula/pula
FLY (MOVE THROUGH AIR)/lele/lele
FOG/fofu/fofu
FOOT OR LEG/vae/vae
FOREST/vao/vao
FOUR/faa/faː
FRUIT/fua/fua
GOOD/lelei/lelei
GRASS/mouku/mouku
GREEN/lanu lau niu/lanulauniu
GROW/tupu/tupu
HAIR/fulufulu/fulufulu
HAND/lima/lima
HE OR SHE/ia/ia
HEAD/piho/piho
HEAD/ulu/ulu
HEAR/logo/loɡo
HEAVY/mamafa/mamafa
HIDE/fuu/fuː
HIDE/fakalilo/fakalilo
HIDE/mumuni/mumuni
HIT/taa/taː
HOLD/tago/taɡo
HOLD/puke/puke
HOUSE/fale/fale
HOW/peehea/peːhea
HUNDRED/lau/lau
I/aku/aku
IF/me he mea/mehemea
IF/mana/mana
IF/kaafai/kaːfai
IF/kaa/kaː
INTESTINES/gaakau/ɡaːkau
KILL/taa mate/taːmate
LAKE/tai hala/taihala
LAUGH/kata/kata
LEAF/mulo/mulo
LEAF/lau/lau
LEFT/maui/maui
LEFT/hupa/hupa
LEFT/hema/hema
LEFT/valea/valea
LIE DOWN/fakapale/fakapale
LIE DOWN/moe ki lalo/moekilalo
LIGHTNING/uila/uila
LIVER/ate/ate
LONG/loa/loa
MALE PERSON/taane/taːne
MOON/maalama/maːlama
MOUTH/gutu/ɡutu
NAME/igoa/iɡoa
NARROW/puumataniki/puːmataniki
NARROW/puufoliki/puːfoliki
NEAR/pili/pili
NECK/ua/ua
NEEDLE (FOR SEWING)/nila/nila
NEW/foou/foːu
NIGHT/taiao/taiao
NIGHT/poouli/poːuli
NIGHT/poo/poː
NINE/iva/iva
NOSE/ihu/ihu
OLD/matua/matua
ONE/tahi/tahi
OTHER/etahi/etahi
PATH OR ROAD/auala/auala
PERSON/tagata/taɡata
RAIN (PRECIPITATION)/timu/timu
RAIN (PRECIPITATION)/ua/ua
RAT/kiole/kiole
RAT/kimoa/kimoa
RED/kula/kula
RIGHT/poto/poto
RIGHT/matau/matau
RIGHT/atamai/atamai
ROOT/pogai/poɡai
ROPE/maea/maea
ROPE/lopu/lopu
ROTTEN/pupu/pupu
SALT/maasima/maːsima
SAND/fuu/fuː
SAY/taku/taku
SAY/faipati/faipati
SCRATCH/alati/alati
SEA/moana/moana
SEA/tai/tai
SEE/pula/pula
SEE/kilo/kilo
SEVEN/fitu/fitu
SHARP/matakai/matakai
SHOOT/fana/fana
SHORT/toetoe/toetoe
SHOULDER/tuauma/tuauma
SIT/noho/noho
SKIN/pau/pau
SKIN/kili/kili
SKY/lagi/laɡi
SLEEP/moe/moe
SMALL/fonini/fonini
SMALL/foliki/foliki
SMOKE (EXHAUST)/au/au
SPIDER/pogaaleveleve/poɡaːleveleve
SPIDER/makamaka/makamaka
SPIT/puhi/puhi
SPIT/anu/anu
SPLIT/ihi/ihi
SQUEEZE/tau/tau
SQUEEZE/lomi/lomi
SQUEEZE/kumi/kumi
STAND/tuu/tuː
STAR/fetuu/fetuː
STEAL/kaiaa/kaiaː
STICK/laakau/laːkau
STONE/fatu/fatu
SUCK/mimiti/mimiti
SWELL/fufula/fufula
SWELL/fefete/fefete
SWIM/kakau/kakau
TAIL/hiku/hiku
TEN/gafulu/ɡafulu
THAT/teelaa/teːlaː
THAT/teenaa/teːnaː
THATCH OR ROOF/lau/lau
THEY/laatou/laːtou
THICK/tuatua/tuatua
THICK/tuaefa/tuaefa
THICK/maatolu/maːtolu
THIN/tuaniki/tuaniki
THINK/maafaufau/maːfaufau
THINK/manatu/manatu
THINK/lagona/laɡona
THIS/nei/nei
THIS/teenei/teːnei
THOU/ke/ke
THOUSAND/mano/mano
THOUSAND/afe/afe
THREE/tolu/tolu
THROW/apa/apa
THROW/tupe/tupe
THUNDER/mana/mana
TONGUE/alelo/alelo
TOOTH/nifo/nifo
TURN/takapili/takapili
TWENTY/tekau/tekau
TWO/aoa/aoa
VOMIT/lua/lua
WALK/haele/haele
WARM/mavelavela/mavelavela
WARM/mafana/mafana
WATER/vai/vai
WET/pala/pala
WET/maalu/maːlu
WET/hihiu/hihiu
WHAT/aa/aː
WHEN/aafea/aːfea
WHERE/teehea/teːhea
WHITE/tea/tea
WHO/ai/ai
WIDE/lauefa/lauefa
WING/kapakau/kapakau
WORK (ACTIVITY)/haga/haɡa
WORM/kalemuta/kalemuta
YEAR/tauhanga/tauhaŋa
YELLOW/hegahega/heɡaheɡa
YELLOW/fefelo/fefelo
YELLOW/sama/sama
YOU/koutou/koutou
YOU/koulua/koulua
