Dataset	Classification	Name	Source Name	Glottolog Name	Glottocode	ISO 639-3	ISO 639-3 Name	Family	Macroarea	Latitude	Longitude	Reference	Notes
Arabic	Afro-Asiatic, Semitic, Arabic	Modern Standard Arabic	Arabic (MSA)	Standard Arabic	stan1318	arb	Standard Arabic	Afro-Asiatic	Eurasia	27.9625	43.8525	https://en.wiktionary.org/w/index.php?title=Appendix:Varieties_of_Arabic_Swadesh_lists&oldid=62250595	
Arabic	Afro-Asiatic, Semitic, Arabic, Arabian Peninsula Arabic	Dhofari Arabic	Dhofari (Oman)	Dhofari Arabic	dhof1235	adf	Dhofari Arabic	Afro-Asiatic	Eurasia	17.0796	54.4894	https://en.wiktionary.org/w/index.php?title=Appendix:Varieties_of_Arabic_Swadesh_lists&oldid=62250595	
Arabic	Afro-Asiatic, Semitic, Arabic, Arabian Peninsula Arabic	Gulf Arabic	Gulf (Emirati)	Gulf Arabic	gulf1241	afb	Gulf Arabic	Afro-Asiatic	Eurasia	30.17	47.5	https://en.wiktionary.org/w/index.php?title=Appendix:Varieties_of_Arabic_Swadesh_lists&oldid=62250595	
Arabic	Afro-Asiatic, Semitic, Arabic, Arabian Peninsula Arabic	Najdi Arabic	Najdi (Riyadh)	Najdi Arabic	najd1235	ars	Najdi Arabic	Afro-Asiatic	Eurasia	30.3371	42.1773	https://en.wiktionary.org/w/index.php?title=Appendix:Varieties_of_Arabic_Swadesh_lists&oldid=62250595	
Arabic	Afro-Asiatic, Semitic, Arabic, Arabian Peninsula Arabic	Sanaani Arabic	Sanaani (Sana'a)	Sanaani Arabic	sana1295	ayn	Sanaani Arabic	Afro-Asiatic	Eurasia	15.6552	44.8412	https://en.wiktionary.org/w/index.php?title=Appendix:Varieties_of_Arabic_Swadesh_lists&oldid=62250595	
Arabic	Afro-Asiatic, Semitic, Arabic, Eastern Arabic	Iraqi Arabic	Iraqi (Southern Iraq/Baghdad)	Gilit Mesopotamian Arabic	meso1252	acm	Mesopotamian Arabic	Afro-Asiatic	Eurasia	33.8178	43.1095	https://en.wiktionary.org/w/index.php?title=Appendix:Varieties_of_Arabic_Swadesh_lists&oldid=62250595	
Arabic	Afro-Asiatic, Semitic, Arabic, Eastern Arabic, Qeltu	North Mesopotamian Arabic	Moslawi (Northern Iraq)	Mosul Arabic	mosu1235	ayp	North Mesopotamian Arabic	Afro-Asiatic	Eurasia	36.566667	43.216667	https://en.wiktionary.org/w/index.php?title=Appendix:Varieties_of_Arabic_Swadesh_lists&oldid=62250595	
Arabic	Afro-Asiatic, Semitic, Arabic, Egyptic Arabic	Egyptian Arabic	Egyptian (Lower Egyptian)	Egyptian Arabic	egyp1253	arz	Egyptian Arabic	Afro-Asiatic	Africa	31.0	31.0	https://en.wiktionary.org/w/index.php?title=Appendix:Varieties_of_Arabic_Swadesh_lists&oldid=62250595	
Arabic	Afro-Asiatic, Semitic, Arabic, Egyptic Arabic, Sudanese-Chadian Arabic	Chadian Arabic	Chadian (Western Sudanic)	Chadian Arabic	chad1249	shu	Chadian Arabic	Afro-Asiatic	Africa	14.67	13.5	https://en.wiktionary.org/w/index.php?title=Appendix:Varieties_of_Arabic_Swadesh_lists&oldid=62250595	
Arabic	Afro-Asiatic, Semitic, Arabic, Egyptic Arabic, Sudanese-Chadian Arabic	Sudanese Arabic	Sudanese (Khartoum)	Sudanese Arabic	suda1236	apd	Sudanese Arabic	Afro-Asiatic	Africa	17.8021	33.3179	https://en.wiktionary.org/w/index.php?title=Appendix:Varieties_of_Arabic_Swadesh_lists&oldid=62250595	
Arabic	Afro-Asiatic, Semitic, Arabic, Levantine Arabic	Cypriot Arabic	Cypriot (Kormakitis)	Cypriot Arabic	cypr1248	acy	Cypriot Arabic	Afro-Asiatic	Eurasia	35.1674	33.0943	https://en.wiktionary.org/w/index.php?title=Appendix:Varieties_of_Arabic_Swadesh_lists&oldid=62250595	
Arabic	Afro-Asiatic, Semitic, Arabic, Levantine Arabic	Levantine Arabic	Levantine (Central/Syro-Lebanese)	North Levantine Arabic	nort3139	apc	North Levantine Arabic	Afro-Asiatic	Eurasia	34.1709	36.0468	https://en.wiktionary.org/w/index.php?title=Appendix:Varieties_of_Arabic_Swadesh_lists&oldid=62250595	
Arabic	Afro-Asiatic, Semitic, Arabic, North African Arabic	Hassaniya Arabic	Hassaniya (Mauritanian)	Hassaniyya	hass1238	mey	Hassaniyya	Afro-Asiatic	Africa	18.29	-14.11	https://en.wiktionary.org/w/index.php?title=Appendix:Varieties_of_Arabic_Swadesh_lists&oldid=62250595	
Arabic	Afro-Asiatic, Semitic, Arabic, North African Arabic	Maltese	Maltese	Maltese	malt1254	mlt	Maltese	Afro-Asiatic	Eurasia	35.8884	14.4508	https://en.wiktionary.org/w/index.php?title=Appendix:Varieties_of_Arabic_Swadesh_lists&oldid=62250595	
Arabic	Afro-Asiatic, Semitic, Arabic, North African Arabic	Moroccan Arabic	Moroccan (Casablanca)	Moroccan Arabic	moro1292	ary	Moroccan Arabic	Afro-Asiatic	Africa	32.5	-7.5	https://en.wiktionary.org/w/index.php?title=Appendix:Varieties_of_Arabic_Swadesh_lists&oldid=62250595	
Arabic	Afro-Asiatic, Semitic, Arabic, North African Arabic	Tunisian Arabic	Tunisian (Tunis)	Tunisian Arabic	tuni1259	aeb	Tunisian Arabic	Afro-Asiatic	Africa	33.7966	9.56156	https://en.wiktionary.org/w/index.php?title=Appendix:Varieties_of_Arabic_Swadesh_lists&oldid=62250595	
Baltic	Indo-European, Balto-Slavic, Baltic	Latvian	Standard Latvian	Latvian	latv1249	lav	Latvian	Indo-European	Eurasia	56.8261	24.309118	Saenko, 2017	
Baltic	Indo-European, Balto-Slavic, Baltic	Lithuanian	Standard Lithuanian	Lithuanian	lith1251	lit	Lithuanian	Indo-European	Eurasia	55.1429	23.9601	Saenko, 2017	
Dravidian	Dravidian, Central Dravidian	Kolami	Kolami	Northwestern Kolami	nort2699	kfb	Northwestern Kolami	Dravidian	Eurasia	20.1022	78.4934	Kolipakam et al., (2018)	
Dravidian	Dravidian, Central Dravidian	Ollari Gadba	Ollari_Gadba	Pottangi Ollar Gadaba	pott1240	gdb	Pottangi Ollar Gadaba	Dravidian	Eurasia	18.5968	82.7586	Kolipakam et al., (2018)	
Dravidian	Dravidian, Central Dravidian	Parji	Parji	Duruwa	duru1236	pci	Duruwa	Dravidian	Eurasia	19.0534	82.4881	Kolipakam et al., (2018)	
Dravidian	Dravidian, North Dravidian	Brahui	Brahui	Brahui	brah1256	brh	Brahui	Dravidian	Eurasia	29.04	66.56	Kolipakam et al., (2018)	
Dravidian	Dravidian, North Dravidian	Kurukh	Kurukh	Indian Kurux	kuru1302	kru	Kurukh	Dravidian	Eurasia	24.4644	86.4657	Kolipakam et al., (2018)	
Dravidian	Dravidian, North Dravidian	Malto	Malto	Sauria Paharia	saur1249	mjt	Sauria Paharia	Dravidian	Eurasia	24.8124	87.6432	Kolipakam et al., (2018)	
Dravidian	Dravidian, South Dravidian I	Badga	Badga	Badaga	bada1257	bfq	Badaga	Dravidian	Eurasia	11.3094	76.5974	Kolipakam et al., (2018)	
Dravidian	Dravidian, South Dravidian I	Betta Kurumba	Betta_Kurumba	Betta Kurumba	bett1235	xub	Betta Kurumba	Dravidian	Eurasia	11.6385	76.6064	Kolipakam et al., (2018)	
Dravidian	Dravidian, South Dravidian I	Kannada	Kannada	Kannada	nucl1305	kan	Kannada	Dravidian	Eurasia	13.5878	76.1198	Kolipakam et al., (2018)	
Dravidian	Dravidian, South Dravidian I	Kodava	Kodava	Kodava	koda1255	kfa	Kodava	Dravidian	Eurasia	12.2443	75.9161	Kolipakam et al., (2018)	
Dravidian	Dravidian, South Dravidian I	Kota	Kota	Kota (India)	kota1263	kfe	Kota (India)	Dravidian	Eurasia	11.4978	76.9387	Kolipakam et al., (2018)	
Dravidian	Dravidian, South Dravidian I	Malayalam	Malayalam	Malayalam	mala1464	mal	Malayalam	Dravidian	Eurasia	9.59208	76.7651	Kolipakam et al., (2018)	
Dravidian	Dravidian, South Dravidian I	Tamil	Tamil	Tamil	tami1289	tam	Tamil	Dravidian	Eurasia	10.520219	78.825989	Kolipakam et al., (2018)	
Dravidian	Dravidian, South Dravidian I	Toda	Toda	Toda	toda1252	tcx	Toda	Dravidian	Eurasia	11.4184	77.0168	Kolipakam et al., (2018)	
Dravidian	Dravidian, South Dravidian I	Tulu	Tulu	Tulu	tulu1258	tcy	Tulu	Dravidian	Eurasia	12.8114	75.2651	Kolipakam et al., (2018)	
Dravidian	Dravidian, South Dravidian I	Yeruva	Yeruva	Ravula	ravu1237	yea	Ravula	Dravidian	Eurasia	12.3231	75.6265	Kolipakam et al., (2018)	
Dravidian	Dravidian, South Dravidian II	Gondi	Gondi	Northern Gondi	nort2702	gno	Northern Gondi	Dravidian	Eurasia	18.1632	81.3842	Kolipakam et al., (2018)	
Dravidian	Dravidian, South Dravidian II	Koya	Koya	Koya	koya1251	kff	Koya	Dravidian	Eurasia	17.6772	81.2096	Kolipakam et al., (2018)	
Dravidian	Dravidian, South Dravidian II	Kuwi	Kuwi	Kuvi	kuvi1243	kxv	Kuvi	Dravidian	Eurasia	18.8832	83.7552	Kolipakam et al., (2018)	
Dravidian	Dravidian, South Dravidian II	Telugu	Telugu	Telugu	telu1262	tel	Telugu	Dravidian	Eurasia	16.4529	78.7024	Kolipakam et al., (2018)	
Hokan	Chimariko	Chimariko	Chimariko	Chimariko	chim1301	cid	Chimariko	Isolate	North America	41.0	-123.0	Zhivlov (2011)	
Hokan	Cochimi-Yuman, Yuman, Delta-Californian Yuman	Cocopa	Cocopa	Cocopa	coco1261	coc	Cocopa	Cochimi-Yuman	North America	32.376	-114.848	Zhivlov (2015)	
Hokan	Cochimi-Yuman, Yuman, Delta-Californian Yuman, Diegueño	Ipai	Mesa Grande 'Iipay	Ipai	ipai1240	dih	Kumiai	Cochimi-Yuman	North America	33.005	-116.993	Zhivlov (2015)	
Hokan	Cochimi-Yuman, Yuman, Delta-Californian Yuman, Diegueño	Tipai	Jamul Tiipay	Tipai	kumi1248	dih	Kumiai	Cochimi-Yuman	North America	32.331	-116.604	Zhivlov (2015)	
Hokan	Cochimi-Yuman, Yuman, Pai	Yavapai	Yavapai	Yavapai	yava1252	yuf	Havasupai-Walapai-Yavapai	Cochimi-Yuman	North America	35.6302	-113.385	Zhivlov (2015)	
Hokan	Cochimi-Yuman, Yuman, River Yuman	Mohave	Mojave	Mohave	moha1256	mov	Mohave	Cochimi-Yuman	North America	34.8866	-114.599	Zhivlov (2015)	
Hokan	Karok	Karok	Karuk	Karok	karo1304	kyh	Karok	Isolate	North America	41.8228	-123.315	Zhivlov (2011)	
Hokan	Pomoan	Southeastern Pomo	Southeastern Pomo	Southeastern Pomo	sout2982	pom	Southeastern Pomo	Pomoan	North America	38.9354	-122.599	Zhivlov (2013)	
Hokan	Pomoan, Russian River and Eastern	Eastern Pomo	Eastern Pomo	Eastern Pomo	east2545	peb	Eastern Pomo	Pomoan	North America	38.5647	-122.586	Zhivlov (2013)	
Hokan	Pomoan, Russian River and Eastern, Russian River	Northeastern Pomo	Northeastern Pomo	Northeastern Russian River Pomo	nort2967	pef	Northeastern Pomo	Pomoan	North America	39.2894	-122.509	Zhivlov (2013)	
Hokan	Pomoan, Russian River and Eastern, Russian River, Northern-Central Pomoan	Central Pomo	Central Pomo	Central Pomo	cent2138	poo	Central Pomo	Pomoan	North America	38.90547	-123.66393	Zhivlov (2013)	
Hokan	Pomoan, Russian River and Eastern, Russian River, Northern-Central Pomoan	Northern Pomo	Northern Pomo	Northern Pomo	nort2966	pej	Northern Pomo	Pomoan	North America	39.1084	-123.209	Zhivlov (2013)	
Hokan	Pomoan, Russian River and Eastern, Russian River, Southern Pomoan-Kashaya	Kashaya	Kashaya	Kashaya	kash1280	kju	Kashaya	Pomoan	North America	38.5424	-123.08	Zhivlov (2013)	
Hokan	Pomoan, Russian River and Eastern, Russian River, Southern Pomoan-Kashaya	Southern Pomo	Southern Pomo	Southern Pomo	sout2984	peq	Southern Pomo	Pomoan	North America	38.7643	-122.545	Zhivlov (2013)	
Hokan	Seri	Seri	Seri	Seri	seri1257	sei	Seri	Isolate	North America	28.9877	-112.384	Zhivlov (2011)	
Hokan	Shastan	Shasta	Shasta	Shasta	shas1239	sht	Shasta	Shastan	North America	41.7587	-122.738	Zhivlov (2012)	
Hokan	Tequistlatecan	Highland Chontal	Highland Chontal	Highland Oaxaca Chontal	high1242	chd	Highland Oaxaca Chontal	Tequistlatecan	North America	16.1849	-95.7301	Zhivlov (2012)	
Hokan	Yana	Central Yana	Central Yana	Central Yana	cent2137	ynn	Yana	Yana	North America	39.2769	-121.608	Zhivlov (2013)	
Hokan	Yana	Northern Yana	Northern Yana	Northern Yana	nort2963	ynn	Yana	Yana	North America	39.2769	-121.608	Zhivlov (2013)	
Hokan	Yana	Yahi	Yahi	Yahi	yahi1243	ynn	Yana	Yana	North America	39.2769	-121.608	Zhivlov (2013)	
Italic	Indo-European, Italic, Eastern Romance	Aromanian	Aromanian	Aromanian	arom1237	rup	Aromanian	Indo-European	Eurasia	40.616	21.2	Saenko (2015)	
Italic	Indo-European, Italic, Eastern Romance	Istro-Romanian	Istro Romanian	Istro Romanian	istr1245	ruo	Istro Romanian	Indo-European	Eurasia	45.433	14.2	Saenko (2015)	
Italic	Indo-European, Italic, Eastern Romance	Megleno-Romanian	Megleno Romanian	Megleno Romanian	megl1237	ruq	Megleno Romanian	Indo-European	Eurasia	41.1174	22.3782	Saenko (2015)	
Italic	Indo-European, Italic, Eastern Romance	Romanian	Romanian	Romanian	roma1327	ron	Romanian	Indo-European	Eurasia	46.3913	24.2256	Saenko (2015)	
Italic	Indo-European, Italic, Italo-Dalmatian	Dalmatian	Dalmatian	Dalmatian	dalm1243	dlm	Dalmatian	Indo-European	Eurasia	42.7095	18.0238	Saenko (2015)	
Italic	Indo-European, Italic, Italo-Dalmatian	Italian	Standard Italian	Italian	ital1282	ita	Italian	Indo-European	Eurasia	43.0464	12.6489	Saenko (2015)	
Italic	Indo-European, Italic, Italo-Dalmatian	Neapolitan	Neapolitan	Napoletano	napo1241	nap	Neapolitan	Indo-European	Eurasia	40.8518	14.2681	Saenko (2015)	
Italic	Indo-European, Italic, Italo-Dalmatian	Old Italian	Old Italian	Old Italian	fior1236	ita	Italian	Indo-European	Eurasia	43.0464	12.6489	Saenko (2015)	
Italic	Indo-European, Italic, Italo-Dalmatian	Sicilian (Catanian)	Catanian Sicilian	Eastern Nonmetafonetica	east2279	scn	Sicilian	Indo-European	Eurasia	37.5079	15.083	Saenko (2015)	
Italic	Indo-European, Italic, Italo-Dalmatian	Sicilian (Messinese)	Messinese Sicilian	Messinese	mess1247	scn	Sicilian	Indo-European	Eurasia	38.1937	15.5542	Saenko (2015)	
Italic	Indo-European, Italic, Italo-Dalmatian	Sicilian (Palermitan)	Palermitan Sicilian	Western Sicilian	west2346	scn	Sicilian	Indo-European	Eurasia	38.1157	13.3615	Saenko (2015)	
Italic	Indo-European, Italic, Italo-Dalmatian	Sicilian (Southeastern)	South-Eastern Sicilian	Southeast Metafonetica	sout2617	scn	Sicilian	Indo-European	Eurasia	37.3089	13.5858	Saenko (2015)	
Italic	Indo-European, Italic, Italo-Dalmatian	Tuscan	Grosseto Italian	Fiorentino	fior1235	ita	Italian	Indo-European	Eurasia	42.7635	11.1124	Saenko (2015)	Southern Tuscan dialect of Grosseto; Fiorentino (another Tuscan dialect) is the closest Glottolog equivalent
Italic	Indo-European, Italic, Italo-Dalmatian	Umbrian	Foligno Italian	Laziale	lazi1238	ita	Italian	Indo-European	Eurasia	42.9509	12.7015	Saenko (2015)	Umbrian dialect of Foligno, belonging to the Central Italian dialect group -- not the ancient Umbrian language; Laziale (another Central Italian dialect) is the closest Glottolog equivalent
Italic	Indo-European, Italic, Latin	Latin (Archaic)	Archaic Latin	Old Latin	oldl1238	qbb		Indo-European	Eurasia	41.901111	12.488333	Saenko (2015)	
Italic	Indo-European, Italic, Latin	Latin (Late Classical)	Late Classical Latin	Late Latin	late1252	lat	Latin	Indo-European	Eurasia	41.901111	12.488333	Saenko (2015)	
Italic	Indo-European, Italic, Southern Romance	Sardinian (Campidanese)	Campidanese	Campidanese Sardinian	camp1261	sro	Campidanese Sardinian	Indo-European	Eurasia	39.0566	9.03935	Saenko (2015)	
Italic	Indo-European, Italic, Southern Romance	Sardinian (Logudorese)	Logudorese	Logudorese Sardinian	logu1236	src	Logudorese Sardinian	Indo-European	Eurasia	40.49	9.09957	Saenko (2015)	
Italic	Indo-European, Italic, Western Romance	Asturian	Asturian	Asturian	astu1246	ast	Asturian; Leonese	Indo-European	Eurasia	42.4181	-6.02227	Saenko (2015)	
Italic	Indo-European, Italic, Western Romance	Catalan (Castelló de la Plana)	Castelló de la Plana Catalan	Valencià Meridional	vale1255	cat	Valencian	Indo-European	Eurasia	39.9864	-0.0513	Saenko (2015)	
Italic	Indo-European, Italic, Western Romance	Catalan (Central)	Central Catalan	Barceloní	nons1235	cat	Catalan	Indo-European	Eurasia	41.3851	2.1734	Saenko (2015)	Dialect of Barcelona
Italic	Indo-European, Italic, Western Romance	Catalan (Manises)	Manises Catalan	Valencià Septentrional	vale1253	cat	Valencian	Indo-European	Eurasia	39.4938	-0.4635	Saenko (2015)	
Italic	Indo-European, Italic, Western Romance	Catalan (Minorcan)	Minorcan Catalan	Menorquí	meno1253	cat	Catalan	Indo-European	Eurasia	39.9496	4.1104	Saenko (2015)	
Italic	Indo-European, Italic, Western Romance	Catalan (Northwestern)	North-Western Catalan	Català Nord-Occidental	cata1291	cat	Catalan	Indo-European	Eurasia	41.3985	0.7913	Saenko (2015)	
Italic	Indo-European, Italic, Western Romance	Catalan (Valencia)	Valencia Catalan	Valencià	vale1252	cat	Valencian	Indo-European	Eurasia	39.4699	-0.3763	Saenko (2015)	
Italic	Indo-European, Italic, Western Romance	Emiliano (Carpigiano)	Carpigiano Emiliano	Emiliano	emil1241	egl	Emilian	Indo-European	Eurasia	44.7839	11.5794	Saenko (2015)	
Italic	Indo-European, Italic, Western Romance	Emiliano (Ferrarese)	Ferrarese Emiliano	Eastern Emiliano	east2275	egl	Emilian	Indo-European	Eurasia	44.8381	11.6198	Saenko (2015)	
Italic	Indo-European, Italic, Western Romance	Emiliano (Reggiano)	Reggiano Emiliano	Central Emiliano	cent1959	egl	Emilian	Indo-European	Eurasia	44.699	10.6297	Saenko (2015)	
Italic	Indo-European, Italic, Western Romance	Franco-Provençal	Savoyard Franco-Provençal	Savoyard	savo1253	frp	Francoprovençal	Indo-European	Eurasia	45.8051	6.48152	Saenko (2015)	
Italic	Indo-European, Italic, Western Romance	French	Standard French	French	stan1290	fra	French	Indo-European	Eurasia	48.0	2.0	Saenko (2015)	
Italic	Indo-European, Italic, Western Romance	Friulian	Friulian	Friulian	friu1240	fur	Friulian	Indo-European	Eurasia	46.1473	13.0493	Saenko (2015)	
Italic	Indo-European, Italic, Western Romance	Galician	Galician	Galician	gali1258	glg	Galician	Indo-European	Eurasia	42.2446	-7.5343	Saenko (2015)	
Italic	Indo-European, Italic, Western Romance	Ladin (Fassano)	Fassano Ladin	Fassano	fass1244	lld	Ladin	Indo-European	Eurasia	46.4333	11.7	Saenko (2015)	
Italic	Indo-European, Italic, Western Romance	Ladin (Gardenese)	Gardenese Ladin	Gardenese	gard1241	lld	Ladin	Indo-European	Eurasia	46.5559	11.7028	Saenko (2015)	
Italic	Indo-European, Italic, Western Romance	Ligurian (Genoa)	Genoese Ligurian	Genoese	geno1240	lij	Ligurian	Indo-European	Eurasia	44.4056	8.9463	Saenko (2015)	Dialect of Genoa
Italic	Indo-European, Italic, Western Romance	Ligurian (Rapallo)	Rapallo Ligurian	Genoese	geno1240	lij	Ligurian	Indo-European	Eurasia	44.3498	9.2339	Saenko (2015)	Close subdialect of Genoese
Italic	Indo-European, Italic, Western Romance	Ligurian (Stella)	Stella Ligurian	Genoese	geno1240	lij	Ligurian	Indo-European	Eurasia	44.394	8.4952	Saenko (2015)	Central Ligurian (ligure centrale/centro-occidentale) dialect of Province of Savona
Italic	Indo-European, Italic, Western Romance	Lombard (Bergamo)	Bergamo Lombard	Bergamasco	berg1241	lmo	Lombard	Indo-European	Eurasia	45.6983	9.6773	Saenko (2015)	
Italic	Indo-European, Italic, Western Romance	Lombard (Plesio)	Plesio Lombard	Western Lombard	west2343	lmo	Lombard	Indo-European	Eurasia	46.0633	9.2074	Saenko (2015)	
Italic	Indo-European, Italic, Western Romance	Occitan	Provençal Occitan	Provençal	prov1235	oci	Occitan (post 1500)	Indo-European	Eurasia	44.0	6.0	Saenko (2015)	Named Occitan rather than Provençal in order to avoid confusion with Franco-Provençal
Italic	Indo-European, Italic, Western Romance	Old French	Old French	Old French (842-ca. 1400)	oldf1239	fro	Old French (842-ca. 1400)	Indo-European	Eurasia	48.8	1.11	Saenko (2015)	
Italic	Indo-European, Italic, Western Romance	Picard	Picard	Picard	pica1241	pcd	Picard	Indo-European	Eurasia	50.2831	3.25085	Saenko (2015)	
Italic	Indo-European, Italic, Western Romance	Piedmontese (Barbania)	Barbania Piemontese	Turinese	turi1245	pms	Piemontese	Indo-European	Eurasia	45.2913	7.6312	Saenko (2015)	Close subdialect of the Turinese dialect
Italic	Indo-European, Italic, Western Romance	Piedmontese (Carmagnola)	Carmagnola Piemontese	Turinese	turi1245	pms	Piemontese	Indo-European	Eurasia	44.8459	7.7174	Saenko (2015)	Close subdialect of the Turinese dialect
Italic	Indo-European, Italic, Western Romance	Piedmontese (Lanzo Torinese)	Lanzo Torinese Piemontese	Turinese	turi1245	pms	Piemontese	Indo-European	Eurasia	45.2701	7.4775	Saenko (2015)	Close subdialect of the Turinese dialect
Italic	Indo-European, Italic, Western Romance	Piedmontese (Turinese)	Turinese Piemontese	Turinese	turi1245	pms	Piemontese	Indo-European	Eurasia	45.0703	7.6869	Saenko (2015)	Close subdialect of the Turinese dialect
Italic	Indo-European, Italic, Western Romance	Piedmontese (Vercellese)	Vercellese Piemontese	Low Piemontese	lowp1238	pms	Piemontese	Indo-European	Eurasia	45.3202	8.4186	Saenko (2015)	Eastern/Low Piemontese, transitional to Lombard
Italic	Indo-European, Italic, Western Romance	Portuguese	Standard Portuguese	Portuguese	port1283	por	Portuguese	Indo-European	Eurasia	39.91	-8.1	Saenko (2015)	
Italic	Indo-European, Italic, Western Romance	Romagnol	Ravennate Romagnol	Romagnol	roma1328	rgn	Romagnol	Indo-European	Eurasia	44.2349	11.7189	Saenko (2015)	
Italic	Indo-European, Italic, Western Romance	Romansh (Grischun)	Rumantsch Grischun	Rumantsch Grischun	ruma1247	roh	Romansh	Indo-European	Eurasia	46.5538	9.92812	Saenko (2015)	
Italic	Indo-European, Italic, Western Romance	Romansh (Surmiran)	Surmiran Romansh	Surmiran-Albula	surm1243	roh	Romansh	Indo-European	Eurasia	46.7123	9.4494	Saenko (2015)	
Italic	Indo-European, Italic, Western Romance	Romansh (Sursilvan)	Sursilvan Romansh	Sursilvan	surs1244	roh	Romansh	Indo-European	Eurasia	46.6881	9.2007	Saenko (2015)	
Italic	Indo-European, Italic, Western Romance	Romansh (Vallader)	Vallader Romansh	Lower Engadine	lowe1386	roh	Romansh	Indo-European	Eurasia	46.5497	9.8959	Saenko (2015)	
Italic	Indo-European, Italic, Western Romance	Spanish	Castilian Spanish	Castilian	cast1244	spa	Spanish	Indo-European	Eurasia	41.7666	-2.479	Saenko (2015)	
Italic	Indo-European, Italic, Western Romance	Venetian (Bellunese)	Bellunese Venetian	Triestine	trie1242	vec	Venetian	Indo-European	Eurasia	46.1425	12.2167	Saenko (2015)	
Italic	Indo-European, Italic, Western Romance	Venetian (Primiero)	Primiero Venetian	Trentine	tret1239	vec	Venetian	Indo-European	Eurasia	46.1758	11.8284	Saenko (2015)	
Italic	Indo-European, Italic, Western Romance	Venetian (Venice)	Venice Venetian	Venetian Proper	vene1259	vec	Venetian	Indo-European	Eurasia	45.4408	12.3155	Saenko (2015)	
Italic	Indo-European, Italic, Western Romance	Walloon	Walloon	Walloon	wall1255	wln	Walloon	Indo-European	Eurasia	50.2235	5.14509	Saenko (2015)	
Japonic	Japonic, Japanesic	Old Japanese	OldJapanese	Old Japanese	oldj1239	ojp	Old Japanese	Japonic	Eurasia	34.683333	135.8	Lee & Hasegawa, 2011	
Japonic	Japonic, Japanesic, Eastern Japanese	Aichi	Aichi	Nagoya	nago1242			Japonic	Eurasia	35.1219442	137.081740723195	Lee & Hasegawa, 2011	
Japonic	Japonic, Japanesic, Eastern Japanese	Akita	Akita	Akita	akit1240			Japonic	Eurasia	39.6898802	140.342608	Lee & Hasegawa, 2011	
Japonic	Japonic, Japanesic, Eastern Japanese	Aomori	Aomori	Tsugaru	tsug1237			Japonic	Eurasia	40.886943	140.590121	Lee & Hasegawa, 2011	
Japonic	Japonic, Japanesic, Eastern Japanese	Chiba	Chiba	Chiba	chib1248			Japonic	Eurasia	35.609985	140.118126	Lee & Hasegawa, 2011	
Japonic	Japonic, Japanesic, Eastern Japanese	Fukushima	Fukushima	Fukushima	fuku1243			Japonic	Eurasia	37.75454	140.4592144	Lee & Hasegawa, 2011	
Japonic	Japonic, Japanesic, Eastern Japanese	Gifu	Gifu	Hida	hida1245			Japonic	Eurasia	35.7867449	137.0460777	Lee & Hasegawa, 2011	
Japonic	Japonic, Japanesic, Eastern Japanese	Gunma	Gunma	Gunma	gunm1237			Japonic	Eurasia	36.52198	139.033483	Lee & Hasegawa, 2011	
Japonic	Japonic, Japanesic, Eastern Japanese	Hokkaidō	Hokkaido	Hokkaido	hokk1243			Japonic	Eurasia	43.4519831	142.8197834	Lee & Hasegawa, 2011	
Japonic	Japonic, Japanesic, Eastern Japanese	Ibaraki	Ibaraki	Ibaraki	ibar1242			Japonic	Eurasia	36.2869536	140.4703384	Lee & Hasegawa, 2011	
Japonic	Japonic, Japanesic, Eastern Japanese	Iwate	Iwate	Kesen	kese1237			Japonic	Eurasia	39.9724169	141.2124422	Lee & Hasegawa, 2011	
Japonic	Japonic, Japanesic, Eastern Japanese	Kanagawa	Kanagawa	Kanagawa	kana1290			Japonic	Eurasia	35.4715259	139.6275201	Lee & Hasegawa, 2011	
Japonic	Japonic, Japanesic, Eastern Japanese	Miyagi	Miyagi	Sendai	send1240			Japonic	Eurasia	38.2677554	140.8691498	Lee & Hasegawa, 2011	
Japonic	Japonic, Japanesic, Eastern Japanese	Nagano	Nagano	Nagano	naga1408			Japonic	Eurasia	36.1143945	138.0319015	Lee & Hasegawa, 2011	
Japonic	Japonic, Japanesic, Eastern Japanese	Niigata	Niigata	Niigata	niig1237			Japonic	Eurasia	37.6452283	138.7669125	Lee & Hasegawa, 2011	
Japonic	Japonic, Japanesic, Eastern Japanese	Saitama	Saitama	Chichibu	chic1269			Japonic	Eurasia	35.9754168	139.4160114	Lee & Hasegawa, 2011	
Japonic	Japonic, Japanesic, Eastern Japanese	Shizuoka	Shizuoka	Shizuoka	shiz1237			Japonic	Eurasia	34.979149	138.38299	Lee & Hasegawa, 2011	
Japonic	Japonic, Japanesic, Eastern Japanese	Tochigi	Tochigi	Tochigi	toch1258			Japonic	Eurasia	36.3818177	139.733591	Lee & Hasegawa, 2011	
Japonic	Japonic, Japanesic, Eastern Japanese	Tōkyō	Tokyo	Tōkyō	toky1238			Japonic	Eurasia	35.6828387	139.7594549	Lee & Hasegawa, 2011	
Japonic	Japonic, Japanesic, Eastern Japanese	Yamagata	Yamagata	Yamagata	yama1262			Japonic	Eurasia	38.2553393	140.3400205	Lee & Hasegawa, 2011	
Japonic	Japonic, Japanesic, Eastern Japanese	Yamanashi	Yamanashi	Yamanashi	yama1263			Japonic	Eurasia	35.6928452	138.6871263	Lee & Hasegawa, 2011	
Japonic	Japonic, Japanesic, Hachijō	Hachijō	Hachijyo	Hachijō	hach1238			Japonic	Eurasia	33.1069602	139.767310718251	Lee & Hasegawa, 2011	Appears twice in Glottolog tree, once as a top-level division sister to Japanesic and Ryukyuan, and once as division within Japanese; Wikipedia describes it a descendant of (Eastern) Old Japanese, hence the latter Glottolog classification is assumed here
Japonic	Japonic, Japanesic, Kyūshū	Fukuoka	Fukuoka	Chikuho-ben	chik1251			Japonic	Eurasia	33.6251241	130.6180016	Lee & Hasegawa, 2011	
Japonic	Japonic, Japanesic, Kyūshū	Kagoshima	Kagoshima	Satsugū	sats1241			Japonic	Eurasia	31.521587	130.5474077	Lee & Hasegawa, 2011	
Japonic	Japonic, Japanesic, Kyūshū	Kumamoto	Kumamoto	Kumamoto-ben	kuma1281			Japonic	Eurasia	32.6450475	130.6341345	Lee & Hasegawa, 2011	
Japonic	Japonic, Japanesic, Kyūshū	Miyazaki	Miyazaki	Miyazaki-ben	miya1258			Japonic	Eurasia	31.9076334	131.4204022	Lee & Hasegawa, 2011	
Japonic	Japonic, Japanesic, Kyūshū	Nagasaki	Nagasaki	Nagasaki-ben	naga1405			Japonic	Eurasia	33.1154683	129.7874339	Lee & Hasegawa, 2011	
Japonic	Japonic, Japanesic, Kyūshū	Ōita	Oita	Ōita-ben	oita1237			Japonic	Eurasia	33.1819875	131.4270217	Lee & Hasegawa, 2011	
Japonic	Japonic, Japanesic, Kyūshū	Saga	Saga	Saga-ben	saga1265			Japonic	Eurasia	33.2185408	130.1296585	Lee & Hasegawa, 2011	
Japonic	Japonic, Japanesic, Western Japanese	Ehime	Ehime	Iyo-ben	iyob1237			Japonic	Eurasia	33.6013646	132.8185275	Lee & Hasegawa, 2011	
Japonic	Japonic, Japanesic, Western Japanese	Fukui	Fukui	Fukui	fuku1241			Japonic	Eurasia	35.9263502	136.6068127	Lee & Hasegawa, 2011	
Japonic	Japonic, Japanesic, Western Japanese	Hiroshima	Hiroshima	Hiroshima	hiro1237			Japonic	Eurasia	34.3916058	132.4518156	Lee & Hasegawa, 2011	
Japonic	Japonic, Japanesic, Western Japanese	Hyōgo	Hyogo	Kobe (Japonic)	kobe1244			Japonic	Eurasia	34.6677915	135.1641816	Lee & Hasegawa, 2011	
Japonic	Japonic, Japanesic, Western Japanese	Ishikawa	Ishikawa	Kanazawa	kana1289			Japonic	Eurasia	36.5780499	136.6480247	Lee & Hasegawa, 2011	
Japonic	Japonic, Japanesic, Western Japanese	Kagawa	Kagawa	Kagawa-ben	kaga1258			Japonic	Eurasia	34.3454438499999	134.109814153127	Lee & Hasegawa, 2011	
Japonic	Japonic, Japanesic, Western Japanese	Kōchi	Kochi	Hata-ben	hata1244			Japonic	Eurasia	33.5680384	133.5394221	Lee & Hasegawa, 2011	
Japonic	Japonic, Japanesic, Western Japanese	Kyōtō	Kyoto	Kyoto	kyot1238			Japonic	Eurasia	35.021041	135.7556075	Lee & Hasegawa, 2011	
Japonic	Japonic, Japanesic, Western Japanese	Mie	Mie	Mie	miee1237			Japonic	Eurasia	34.7339685	136.5154489	Lee & Hasegawa, 2011	
Japonic	Japonic, Japanesic, Western Japanese	Nara	Nara	Oku-yoshino	okuy1237			Japonic	Eurasia	34.2963089	135.8816819	Lee & Hasegawa, 2011	
Japonic	Japonic, Japanesic, Western Japanese	Okayama	Okayama	Okayama	okay1237			Japonic	Eurasia	34.6553944	133.9194595	Lee & Hasegawa, 2011	
Japonic	Japonic, Japanesic, Western Japanese	Ōsaka	Osaka	Ōsaka	osak1237			Japonic	Eurasia	34.6198813	135.490357	Lee & Hasegawa, 2011	
Japonic	Japonic, Japanesic, Western Japanese	Shiga	Shiga	Shiga	shig1237			Japonic	Eurasia	35.2018175	135.9245546	Lee & Hasegawa, 2011	
Japonic	Japonic, Japanesic, Western Japanese	Shimane	Shimane	Izumo-ben	izum1237			Japonic	Eurasia	35.3668891	132.7548827	Lee & Hasegawa, 2011	
Japonic	Japonic, Japanesic, Western Japanese	Tokushima	Tokushima	Tokushima-ben	toku1245			Japonic	Eurasia	34.0698307	134.5550353	Lee & Hasegawa, 2011	
Japonic	Japonic, Japanesic, Western Japanese	Tottori	Tottori	Tottori	tott1237			Japonic	Eurasia	35.3555075	133.8678525	Lee & Hasegawa, 2011	
Japonic	Japonic, Japanesic, Western Japanese	Toyama	Toyama	Toyama	toya1237			Japonic	Eurasia	36.6957569	137.2136215	Lee & Hasegawa, 2011	
Japonic	Japonic, Japanesic, Western Japanese	Wakayama	Wakayama	Wakayama	waka1279			Japonic	Eurasia	34.234617	135.1782181	Lee & Hasegawa, 2011	
Japonic	Japonic, Japanesic, Western Japanese	Yamaguchi	Yamaguchi	Yamaguchi	yama1261			Japonic	Eurasia	34.1781317	131.4737077	Lee & Hasegawa, 2011	
Japonic	Japonic, Ryukyuan, Northern Ryukyuan	Naze	Naze	Naze	naze1238			Japonic	Eurasia	28.3740442	129.5064497	Lee & Hasegawa, 2011	
Japonic	Japonic, Ryukyuan, Northern Ryukyuan	Okinawa	Okinawa	Okinawa	okin1244			Japonic	Eurasia	26.4748948	127.911468664084	Lee & Hasegawa, 2011	
Japonic	Japonic, Ryukyuan, Southern Ryukyuan	Hateruma	Hateruma	Hateruma	hate1238			Japonic	Eurasia	24.0587455	123.782155373325	Lee & Hasegawa, 2011	
Japonic	Japonic, Ryukyuan, Southern Ryukyuan	Hirara	Hirara	Miyako-Jima	miya1260			Japonic	Eurasia	24.926431	125.2411151	Lee & Hasegawa, 2011	
Japonic	Japonic, Ryukyuan, Southern Ryukyuan	Ikema	Ikema	Ikema-Jima	ikem1235			Japonic	Eurasia	24.9252099	125.2448702	Lee & Hasegawa, 2011	
Japonic	Japonic, Ryukyuan, Southern Ryukyuan	Irafu	Irafu	Irabu-Jima	irab1238			Japonic	Eurasia	24.829624	125.1918053	Lee & Hasegawa, 2011	
Japonic	Japonic, Ryukyuan, Southern Ryukyuan	Ishigaki	Ishigaki	Ishigaki	ishi1240			Japonic	Eurasia	24.3457111	124.1575482	Lee & Hasegawa, 2011	
Japonic	Japonic, Ryukyuan, Southern Ryukyuan	Taketomi	Taketomi	Taketomi	take1256			Japonic	Eurasia	24.322143	123.826987	Lee & Hasegawa, 2011	
Japonic	Japonic, Ryukyuan, Southern Ryukyuan	Tarama	Tarama	Tarama-Minna	tara1319			Japonic	Eurasia	24.661495	124.6979386	Lee & Hasegawa, 2011	
Japonic	Japonic, Ryukyuan, Southern Ryukyuan	Yonaguni	Yonaguni	Yonaguni	yona1241	yoi	Yonaguni	Japonic	Eurasia	24.45566	122.992602	Lee & Hasegawa, 2011	
NorthEuraLex	Indo-European, Balto-Slavic, Slavic, East Slavic	Belarusian	Belarusian	Belarusian	bela1254	bel	Belarusian	Indo-European	Eurasia	53.2307	25.6038	Dellert et al., 2019	
NorthEuraLex	Indo-European, Balto-Slavic, Slavic, East Slavic	Russian	Russian	Russian	russ1263	rus	Russian	Indo-European	Eurasia	59.0	50.0	Dellert et al., 2019	
NorthEuraLex	Indo-European, Balto-Slavic, Slavic, East Slavic	Ukrainian	Ukrainian	Ukrainian	ukra1253	ukr	Ukrainian	Indo-European	Eurasia	49.796	29.945	Dellert et al., 2019	
NorthEuraLex	Indo-European, Balto-Slavic, Slavic, South Slavic	Bulgarian	Bulgarian	Bulgarian	bulg1262	bul	Bulgarian	Indo-European	Eurasia	43.3646	25.047	Dellert et al., 2019	
NorthEuraLex	Indo-European, Balto-Slavic, Slavic, South Slavic	Slovenian	Slovene	Slovenian	slov1268	slv	Slovenian	Indo-European	Eurasia	46.2543	14.7766	Dellert et al., 2019	
NorthEuraLex	Indo-European, Balto-Slavic, Slavic, South Slavic	Štokavian	Croatian	Croatian Standard	croa1245	hrv	Croatian	Indo-European	Eurasia	45.555	15.982	Dellert et al., 2019	
NorthEuraLex	Indo-European, Balto-Slavic, Slavic, West Slavic	Czech	Czech	Czech	czec1258	ces	Czech	Indo-European	Eurasia	49.8734	15.10437	Dellert et al., 2019	
NorthEuraLex	Indo-European, Balto-Slavic, Slavic, West Slavic	Polish	Polish	Polish	poli1260	pol	Polish	Indo-European	Eurasia	51.8439	18.6255	Dellert et al., 2019	
NorthEuraLex	Indo-European, Balto-Slavic, Slavic, West Slavic	Slovak	Slovak	Slovak	slov1269	slk	Slovak	Indo-European	Eurasia	48.5457	18.78479	Dellert et al., 2019	
Polynesian	Austronesian, Polynesian, Anuta	Anuta	Anuta	Anuta	anut1237	aud	Anuta	Austronesian	Papunesia	-11.61	169.85	Walworth, 2018	
Polynesian	Austronesian, Polynesian, Carolinean Outlier Polynesian	Kapingamarangi	Kapingamarangi	Kapingamarangi	kapi1249	kpg	Kapingamarangi	Austronesian	Papunesia	1.039166	154.797223	Walworth, 2018	
Polynesian	Austronesian, Polynesian, East Futuna	East Futuna	EastFutuna	East Futuna	east2447	fud	East Futuna	Austronesian	Papunesia	-14.278717	-178.137222	Walworth, 2018	
Polynesian	Austronesian, Polynesian, East Polynesian	Austral (Ra'ivavae)	AustralA	Raivavae	raiv1237	aut	Austral	Austronesian	Papunesia	-23.865	-147.6609	Walworth, 2018	
Polynesian	Austronesian, Polynesian, East Polynesian	Austral (Rurutuan)	AustralB	Rurutu	ruru1237	aut	Austral	Austronesian	Papunesia	-22.4801	-151.3385	Walworth, 2018	
Polynesian	Austronesian, Polynesian, East Polynesian	Hawaiian	Hawaiian	Hawaiian	hawa1245	haw	Hawaiian	Austronesian	Papunesia	19.6297	-155.43	Walworth, 2018	
Polynesian	Austronesian, Polynesian, East Polynesian	Mangareva	Mangareva	Mangareva	mang1401	mrv	Mangareva	Austronesian	Papunesia	-23.1095	-134.97	Walworth, 2018	
Polynesian	Austronesian, Polynesian, East Polynesian	Maori	Maori	Maori	maor1246	mri	Maori	Austronesian	Papunesia	-38.2881	176.541	Walworth, 2018	
Polynesian	Austronesian, Polynesian, East Polynesian	North Marquesan	NorthMarquesan	North Marquesan	nort2845	mrq	North Marquesan	Austronesian	Papunesia	-8.89412	-140.108	Walworth, 2018	
Polynesian	Austronesian, Polynesian, East Polynesian	Penrhyn	Penrhyn	Māngarongaro	penr1237	pnh	Penrhyn	Austronesian	Papunesia	-9.082238	-157.922908	Walworth, 2018	
Polynesian	Austronesian, Polynesian, East Polynesian	RakahangaManihiki	RakahangaManihiki	Rakahanga-Manihiki	raka1237	rkh	Rakahanga-Manihiki	Austronesian	Papunesia	-10.03	-161.09	Walworth, 2018	
Polynesian	Austronesian, Polynesian, East Polynesian	Rapanui	Rapanui	Rapanui	rapa1244	rap	Rapanui	Austronesian	Papunesia	-27.113	-109.342	Walworth, 2018	
Polynesian	Austronesian, Polynesian, East Polynesian	Rarotongan	Rarotongan	Southern Cook Island Maori	raro1241	rar	Rarotongan	Austronesian	Papunesia	-21.23	-159.78	Walworth, 2018	
Polynesian	Austronesian, Polynesian, East Polynesian	Tahitian	Tahitian	Tahitian	tahi1242	tah	Tahitian	Austronesian	Papunesia	-17.6485	-149.45	Walworth, 2018	
Polynesian	Austronesian, Polynesian, East Polynesian	Tuamotuan	Tuamotuan	Tuamotuan	tuam1242	pmt	Tuamotuan	Austronesian	Papunesia	-16.17259	-146.321755	Walworth, 2018	
Polynesian	Austronesian, Polynesian, East Uvean-Niuafo'ou	Wallisian	Wallisian	East Uvean	wall1257	wls	Wallisian	Austronesian	Papunesia	-13.2903	-176.207	Walworth, 2018	
Polynesian	Austronesian, Polynesian, Ellicean	Samoan	Samoan	Samoan	samo1305	smo	Samoan	Austronesian	Papunesia	-13.92	-171.83	Walworth, 2018	
Polynesian	Austronesian, Polynesian, Ellicean	Tuvalu	Tuvalu	Tuvalu	tuva1244	tvl	Tuvalu	Austronesian	Papunesia	-8.520813	179.198088	Walworth, 2018	
Polynesian	Austronesian, Polynesian, Pukapuka	Pukapuka	Pukapuka	Pukapuka	puka1242	pkp	Pukapuka	Austronesian	Papunesia	-10.91	-165.83	Walworth, 2018	
Polynesian	Austronesian, Polynesian, Rennell-Bellona	RennellBellona	RennellBellona	Rennell-Bellona	renn1242	mnv	Rennell-Bellona	Austronesian	Papunesia	-11.6237	160.265	Walworth, 2018	
Polynesian	Austronesian, Polynesian, Solomons Northern Outlier Polynesian	Luangiua	Luangiua	Luangiua	onto1237	ojv	Ontong Java	Austronesian	Papunesia	-5.49029	159.701	Walworth, 2018	
Polynesian	Austronesian, Polynesian, Solomons Northern Outlier Polynesian	Nukuria	Nukuria	Nukuria	nuku1259	nur	Nukuria	Austronesian	Papunesia	-3.40038	154.731	Walworth, 2018	
Polynesian	Austronesian, Polynesian, Solomons Northern Outlier Polynesian	Sikaiana	Sikaiana	Sikaiana	sika1261	sky	Sikaiana	Austronesian	Papunesia	-8.378194	162.72952	Walworth, 2018	
Polynesian	Austronesian, Polynesian, Tikopia	Tikopia	Tikopia	Tikopia	tiko1237	tkp	Tikopia	Austronesian	Papunesia	-12.2766	168.822	Walworth, 2018	
Polynesian	Austronesian, Polynesian, Tongic	Niuean	Niuean	Niuean	niue1239	niu	Niuean	Austronesian	Papunesia	-19.06	-169.86	Walworth, 2018	
Polynesian	Austronesian, Polynesian, Tongic	Tongan	TongatongaIslands	Tonga (Tonga Islands)	tong1325	ton	Tonga (Tonga Islands)	Austronesian	Papunesia	-21.17	-175.25	Walworth, 2018	
Polynesian	Austronesian, Polynesian, Vaeakau-Taumako	Vaeakau-Taumako	VaeakauTaumako	Vaeakau-Taumako	pile1238	piv	Vaeakau-Taumako	Austronesian	Papunesia	-10.173335	166.247188	Walworth, 2018	
Polynesian	Austronesian, Polynesian, Vanuatu-Loyalty Outliers	Emae	Emae	Emae	emae1237	mmw	Emae	Austronesian	Papunesia	-17.052	168.399	Walworth, 2018	
Polynesian	Austronesian, Polynesian, Vanuatu-Loyalty Outliers	Futuna-Aniwa	FutunaAniwa	Futuna-Aniwa	futu1245	fut	Futuna-Aniwa	Austronesian	Papunesia	-19.5303	170.215	Walworth, 2018	
Polynesian	Austronesian, Polynesian, Vanuatu-Loyalty Outliers	Mele-Fila	MeleFila	Mele-Fila	mele1250	mxe	Mele-Fila	Austronesian	Papunesia	-17.6841	168.275	Walworth, 2018	
Quechuan	Quechuan, Quechua I, Central Quechua, AP-AM-AH	Huallaga-Huánuco	Huallaga	Huallaga Huánuco Quechua	hual1241	qub	﻿Huallaga Huánuco Quechua	Quechuan	South America	-9.57	-75.59	Blum et al., 2021	
Quechuan	Quechuan, Quechua I, Central Quechua, Huangascar-Topara	Apurí-Madean-Viñac	Apuri	Apurí	apur1253			Quechuan	South America	-12.89	-75.81	Blum et al., 2021	
Quechuan	Quechuan, Quechua I, Central Quechua, Huangascar-Topara	Cacra-Hongos	Cacra-Hongos	Cacra-Hongos	cacr1238			Quechuan	South America	-12.81	-75.78	Blum et al., 2021	
Quechuan	Quechuan, Quechua I, Central Quechua, Huangascar-Topara	Chocos-Huangáscar	Huangascar	Azángaro-Huangáscar-Chocos	azan1238			Quechuan	South America	-12.9	-75.83	Blum et al., 2021	
Quechuan	Quechuan, Quechua I, Central Quechua, Huangascar-Topara	Laraos	Laraos	Huangascar-Topara-Yauyos Quechua	yauy1235	qux	Yauyos Quechua	Quechuan	South America	-13.11	-75.77	Blum et al., 2021	
Quechuan	Quechuan, Quechua I, Central Quechua, Huangascar-Topara	Lincha-Tana	Lincha-Tana	Tana-Lincha	tana1291			Quechuan	South America	-12.8	-75.66	Blum et al., 2021	
Quechuan	Quechuan, Quechua I, Central Quechua, Huangascar-Topara	Liscay-San Pedro	SanPedro	San Pedro de Huacarpana	sanp1258			Quechuan	South America	-13.09	-75.74	Blum et al., 2021	
Quechuan	Quechuan, Quechua I, Central Quechua, Huaylay	Corongo	Yanac	Corongo Ancash Quechua	coro1247	qwa	Corongo Ancash Quechua	Quechuan	South America	-8.58	-77.99	Blum et al., 2021	
Quechuan	Quechuan, Quechua I, Central Quechua, Huaylay	Huaraz-Huailas	HuarazHuailas	Huailas	huai1241			Quechuan	South America	-9.52	-77.52	Blum et al., 2021	
Quechuan	Quechuan, Quechua I, Central Quechua, Jauja-Huanca	Huaylla-Huanca	Huanca	Huaylla Wanca Quechua	huay1241	qvw	Huaylla Wanca Quechua	Quechuan	South America	-11.77	-75.49	Blum et al., 2021	
Quechuan	Quechuan, Quechua I, Central Quechua, Jauja-Huanca	Jauja-Huanca	Jauja	Jauja Wanca Quechua	jauj1238	qxw	Jauja Wanca Quechua	Quechuan	South America	-11.67	-75.28	Blum et al., 2021	
Quechuan	Quechuan, Quechua I, Central Quechua, Yaru Quechua	Yaru	Tarma	Yaru Quechua	yaru1256			Quechuan	South America	-11.42	-75.68	Blum et al., 2021	
Quechuan	Quechuan, Quechua I, Pacaraos	Pacaraos	Pacaraos	Pacaraos Quechua	paca1245	qvp	Pacaraos Quechua	Quechuan	South America	-11.14	-76.73	Blum et al., 2021	
Quechuan	Quechuan, Quechua II, Cajamarca-Lambayeque	Cajamarca	Chetilla	Cajamarca Quechua	caja1238	qvc	Cajamarca Quechua	Quechuan	South America	-7.09	-78.32	Blum et al., 2021	
Quechuan	Quechuan, Quechua II, Cajamarca-Lambayeque	Lambayeque	Inkawasi	Lambayeque Quechua	lamb1276	quf	Lambayeque Quechua	Quechuan	South America	-6.17	-79.47	Blum et al., 2021	
Quechuan	Quechuan, Quechua II, Quechua IIB, San Martin-Amazonas	Chachapoyas	Chachapoyas	Chachapoyas Quechua	chac1250	quk	Chachapoyas Quechua	Quechuan	South America	-6.27	-77.66	Blum et al., 2021	
Quechuan	Quechuan, Quechua II, Quechua IIB, San Martin-Amazonas	San Martín	Lamas	San Martín Quechua	sanm1289	qvs	San Martín Quechua	Quechuan	South America	-6.42	-76.52	Blum et al., 2021	
Quechuan	Quechuan, Quechua II, Quechua IIC, Ayacuchan	Ayacucho	Ayacucho	Ayacucho Quechua	ayac1239	quy	Ayacucho Quechua	Quechuan	South America	-13.85	-74.32	Blum et al., 2021	
Quechuan	Quechuan, Quechua II, Quechua IIC, Ayacuchan	Huancavelica	Atalla	Huancavelica	huan1249			Quechuan	South America	-12.76	-74.87	Blum et al., 2021	
Quechuan	Quechuan, Quechua II, Quechua IIC, Bolivian-Argentinian Quechua	Apolobamba	Curva	Apolo	apol1241			Quechuan	South America	-14.4	-68.79	Blum et al., 2021	
Quechuan	Quechuan, Quechua II, Quechua IIC, Bolivian-Argentinian Quechua	Chuquisaca	Maragua	South Bolivian Quechua	sout2991	quh	South Bolivian Quechua	Quechuan	South America	-18.96	-65.78	Blum et al., 2021	
Quechuan	Quechuan, Quechua II, Quechua IIC, Bolivian-Argentinian Quechua	Cochabamba	Pocona	Cochabamba	coch1274			Quechuan	South America	-17.67	-65.42	Blum et al., 2021	
Quechuan	Quechuan, Quechua II, Quechua IIC, Bolivian-Argentinian Quechua	Santiago del Estero	Santiagueno	Santiago del Estero Quichua	sant1432	qus	Santiago del Estero Quichua	Quechuan	South America	-27.79	-64.25	Blum et al., 2021	
Quechuan	Quechuan, Quechua II, Quechua IIC, Colombia-Ecuador Quechua, Ecuadorian A	Chimborazo	Troje	North Chimborazo Highland Quichua	nort3351			Quechuan	South America	-1.37	-78.85	Blum et al., 2021	
Quechuan	Quechuan, Quechua II, Quechua IIC, Colombia-Ecuador Quechua, Ecuadorian B	Azuay	Azuay	Azuay Highland Quichua	azua1234			Quechuan	South America	-2.48	-78.97	Blum et al., 2021	
Quechuan	Quechuan, Quechua II, Quechua IIC, Colombia-Ecuador Quechua, Ecuadorian B	Colombian Inga	Putumayo	Colombian Inga	inga1252	inb	Inga	Quechuan	South America	1.17	-76.96	Blum et al., 2021	
Quechuan	Quechuan, Quechua II, Quechua IIC, Colombia-Ecuador Quechua, Ecuadorian B	Imbabura	Imbabura	Imbabura Highland Quichua	imba1240	qvi	Imbabura Highland Quichua	Quechuan	South America	-0.23	-78.26	Blum et al., 2021	
Quechuan	Quechuan, Quechua II, Quechua IIC, Colombia-Ecuador Quechua, Ecuadorian B	Napo 	Napo	Napo Lowland Quechua	napo1242	qvo	Napo Lowland Quechua	Quechuan	South America	-0.04	-76.23	Blum et al., 2021	
Quechuan	Quechuan, Quechua II, Quechua IIC, Colombia-Ecuador Quechua, Ecuadorian B	Pastaza	Pastaza	Southern Pastaza Quechua	sout2990	qup	Southern Pastaza Quechua	Quechuan	South America	-4.79	-76.53	Blum et al., 2021	
Quechuan	Quechuan, Quechua II, Quechua IIC, Colombia-Ecuador Quechua, Ecuadorian B	Tena	Serena	Tena Lowland Quichua	tena1240	quw	Tena Lowland Quichua	Quechuan	South America	-0.76	-77.54	Blum et al., 2021	
Quechuan	Quechuan, Quechua II, Quechua IIC, Cuscan Quechua	Cuzco	Cuzco	Cusco Quechua	cusc1236	quz	Cusco Quechua	Quechuan	South America	-14.09	-71.77	Blum et al., 2021	
Quechuan	Quechuan, Quechua II, Quechua IIC, Cuscan Quechua	Eastern-Apurímac	Apurimac	Eastern Apurímac Quechua	east2551	qve	Eastern Apurí­mac Quechua	Quechuan	South America	-13.89	-73.14	Blum et al., 2021	
Quechuan	Quechuan, Quechua II, Quechua IIC, Cuscan Quechua	Puno	Puno	Puno Quechua	puno1238	qxp	Puno Quechua	Quechuan	South America	-14.61	-70.21	Blum et al., 2021	
Sinitic	Sino-Tibetan, Sinitic, Gan	Nanchang	Nanchang	Nanchang	nanc1254	gan	Gan Chinese	Sino-Tibetan	Eurasia	28.706609	115.857468	Líu et al., 2007	
Sinitic	Sino-Tibetan, Sinitic, Hakka	Meixian	Meixian	Meixian	yuet1238	hak	Hakka Chinese	Sino-Tibetan	Eurasia	24.3522958	115.8903375	Líu et al., 2007	
Sinitic	Sino-Tibetan, Sinitic, Hui	Jixi	Jixi	Jixi	jixi1238	czh	Huizhou Chinese	Sino-Tibetan	Eurasia	30.071111	118.592222	Líu et al., 2007	
Sinitic	Sino-Tibetan, Sinitic, Jin	Taiyuan	Taiyuan	Taiyuan	taiy1243	cjy	Jinyu Chinese	Sino-Tibetan	Eurasia	37.8632119	112.4024883	Líu et al., 2007	
Sinitic	Sino-Tibetan, Sinitic, Mandarin	Beijing	Beijing	Beijing Mandarin	beij1234	cmn	Mandarin Chinese	Sino-Tibetan	Eurasia	39.9385466	116.1172766	Líu et al., 2007	
Sinitic	Sino-Tibetan, Sinitic, Mandarin	Chengdu	Chengdu	Chengdu Mandarin	chen1267	cmn	Mandarin Chinese	Sino-Tibetan	Eurasia	30.605768	103.970947	Líu et al., 2007	
Sinitic	Sino-Tibetan, Sinitic, Mandarin	Ha'erbin	Haerbin	Ha'erbin Mandarin	haer1234	cmn	Mandarin Chinese	Sino-Tibetan	Eurasia	45.846595	126.551056	Líu et al., 2007	
Sinitic	Sino-Tibetan, Sinitic, Mandarin	Jinan	Jinan	Jinan Mandarin	jina1245	cmn	Mandarin Chinese	Sino-Tibetan	Eurasia	36.690777	116.997299	Líu et al., 2007	
Sinitic	Sino-Tibetan, Sinitic, Mandarin	Nanjing	Nanjing	Nanjing Mandarin	nanj1234	cmn	Mandarin Chinese	Sino-Tibetan	Eurasia	32.0989607	118.4575646	Líu et al., 2007	
Sinitic	Sino-Tibetan, Sinitic, Mandarin	Rongcheng	Rongcheng	Rongcheng Mandarin	rong1271	cmn	Mandarin Chinese	Sino-Tibetan	Eurasia	37.130642	122.434269	Líu et al., 2007	
Sinitic	Sino-Tibetan, Sinitic, Mandarin	Xi'an	XiAn	Xi'an Mandarin	xian1253	cmn	Mandarin Chinese	Sino-Tibetan	Eurasia	34.228154	108.960571	Líu et al., 2007	
Sinitic	Sino-Tibetan, Sinitic, Min	Fuzhou	Fuzhou	Houguan	fuzh1239	cdo	Min Dong Chinese	Sino-Tibetan	Eurasia	26.08904	119.294243	Líu et al., 2007	
Sinitic	Sino-Tibetan, Sinitic, Min	Xiamen	Xiamen	Xiamen	xiam1236	cdo	Min Dong Chinese	Sino-Tibetan	Eurasia	24.49421	118.08918	Líu et al., 2007	
Sinitic	Sino-Tibetan, Sinitic, Pinghua	Guilin	Guilin	Guilin Pinghua	guil1241	cnp	Northern Pinghua	Sino-Tibetan	Eurasia	25.266667	110.283333	Líu et al., 2007	
Sinitic	Sino-Tibetan, Sinitic, Wu	Suzhou	Suzhou	Suzhou	suzh1234	wuu	Wu Chinese	Sino-Tibetan	Eurasia	31.3280439	120.364116	Líu et al., 2007	
Sinitic	Sino-Tibetan, Sinitic, Wu	Wenzhou	Wenzhou	Wenzhou	ouji1238	wuu	Wu Chinese	Sino-Tibetan	Eurasia	28.005496	120.701179	Líu et al., 2007	
Sinitic	Sino-Tibetan, Sinitic, Xiang	Changsha	Changsha	Changsha	chan1326	hsn	Xiang Chinese	Sino-Tibetan	Eurasia	28.85032	112.943344	Líu et al., 2007	
Sinitic	Sino-Tibetan, Sinitic, Xiang	Loudi	Loudi	Loudi	loud1234	hsn	Xiang Chinese	Sino-Tibetan	Eurasia	27.733333	111.9281883	Líu et al., 2007	
Sinitic	Sino-Tibetan, Sinitic, Yue	Guangzhou	Guangzhou	Guangzhou	guan1279	yue	Yue Chinese	Sino-Tibetan	Eurasia	23.1253503	112.9476548	Líu et al., 2007	
Slavic	Indo-European, Balto-Slavic, Slavic, South Slavic	Burgenland Čakavian	Devinska Nova Ves Chakavian	Burgenland Croatian	burg1244	ckm	Chakavian	Indo-European	Eurasia	48.2094	16.9728	Saenko, 2017	Burgenland Chakavian dialect spoken in Devínska Nová Ves, Slovakia
Slavic	Indo-European, Balto-Slavic, Slavic, South Slavic	Čakavian (Cres)	Orlec Chakavian	Nuclear Chakavian	nucl1776	ckm	Chakavian	Indo-European	Eurasia	44.8829	14.4243	Saenko, 2017	Northern Chakavian (sjevernočakavski / ekavskočakavski) dialect of Orlec, Cres Island, Croatia
Slavic	Indo-European, Balto-Slavic, Slavic, South Slavic	Čakavian (Istria)	Orbanici Chakavian	Nuclear Chakavian	nucl1776	ckm	Chakavian	Indo-European	Eurasia	45.005	13.9164	Saenko, 2016	Southern Istrian Chakavian (jugozapadni istarski / štakavsko-čakavski) dialect spoken in Orbanići, Istarska Županija, Croatia
Slavic	Indo-European, Balto-Slavic, Slavic, South Slavic	Kajkavian	Burgenland Kajkavian	Kajkavian	kajk1237	kjv	Kaikavian Literary Language	Indo-European	Eurasia	47.6254	16.7409	Saenko, 2017	Burgenland Kajkavian dialect spoken in Hidegség and Fertőhomok, Hungary
Slavic	Indo-European, Balto-Slavic, Slavic, South Slavic	Macedonian	Dihovo Macedonian	Western Macedonian	west2336	mkd	Macedonian	Indo-European	Eurasia	41.5957	21.7932	Kassian, 2014	Dialect of Dihovo, North Macedonia
Turkic	Turkic, Bolgar	Chuvash	Chuvash	Chuvash	chuv1255	chv	Chuvash	Turkic	Eurasia	55.487	47.163	Savelyev & Robbeets (2020)	Viryal dialect
Turkic	Turkic, Central Siberian Turkic	Siberian Tatar	BarabaTatar	Baraba	bara1273	sty	Siberian Tatar	Turkic	Eurasia	57.4921	72.5642	Savelyev & Robbeets (2020)	Baraba variety of Siberian Tatar
Turkic	Turkic, Khalaj	Khalaj	Khalaj	Turkic Khalaj	turk1303	klj	Khalaj	Turkic	Eurasia	34.4224	50.3222	Savelyev & Robbeets (2020)	
Turkic	Turkic, Kipchak	Bashkir	Bashkir	Bashkir	bash1264	bak	Bashkir	Turkic	Eurasia	53.5967	56.5594	Savelyev & Robbeets (2020)	
Turkic	Turkic, Kipchak	Crimean Tatar	CrimeanTatar	Crimean Tatar	crim1257	crh	Crimean Turkish	Turkic	Eurasia	45.0	34.08	Savelyev & Robbeets (2020)	
Turkic	Turkic, Kipchak	Cuman	CodexCumanicus	Pecheneg	pech1242	qwm	Kuman	Turkic	Eurasia	47.393251	33.522692	Savelyev & Robbeets (2020)	Middle Kipchak variety attested in the Codex Cumanicus manuscript, dating from the early 14th century AD; Not listed as such in Glottolog but may be the same as the Pecheneg language (see Comment at Glottolog [pech1242] and Wikipedia [Pecheneg language])
Turkic	Turkic, Kipchak	Kara-Kalpak	KaraKalpak	Kara-Kalpak	kara1467	kaa	Kara-Kalpak	Turkic	Eurasia	39.98	63.3223	Savelyev & Robbeets (2020)	
Turkic	Turkic, Kipchak	Karachay-Balkar	KarachayBalkar	Karachay-Balkar	kara1465	krc	Karachay-Balkar	Turkic	Eurasia	43.565	42.2606	Savelyev & Robbeets (2020)	
Turkic	Turkic, Kipchak	Karaim	Karaim	Karaim	kara1464	kdr	Karaim	Turkic	Eurasia	54.5534	25.1054	Savelyev & Robbeets (2020)	Dialects of Halych and Trakai
Turkic	Turkic, Kipchak	Kazakh	Kazakh	Kazakh	kaza1248	kaz	Kazakh	Turkic	Eurasia	41.8729	65.7709	Savelyev & Robbeets (2020)	
Turkic	Turkic, Kipchak	Kumyk	Kumyk	Kumyk	kumy1244	kum	Kumyk	Turkic	Eurasia	43.0	47.0	Savelyev & Robbeets (2020)	
Turkic	Turkic, Kipchak	Kyrgyz	Kirghiz	Kirghiz	kirg1245	kir	Kyrgyz	Turkic	Eurasia	42.0	74.0	Savelyev & Robbeets (2020)	
Turkic	Turkic, Kipchak	Nogai	Nogai	Nogai	noga1249	nog	Nogai	Turkic	Eurasia	43.5917	46.6618	Savelyev & Robbeets (2020)	
Turkic	Turkic, Kipchak	Southern Altai	SouthAltai	Southern Altai	sout2694	alt	Southern Altai	Turkic	Eurasia	50.1347	86.8705	Savelyev & Robbeets (2020)	Altay-Kiži dialect
Turkic	Turkic, Kipchak	Tatar	KazanTatar	Kazan Tatar	kaza1250	tat	Tatar	Turkic	Eurasia	55.796389	49.108889	Savelyev & Robbeets (2020)	
Turkic	Turkic, North Siberian Turkic	Dolgan	Dolgan	Dolgan	dolg1241	dlg	Dolgan	Turkic	Eurasia	71.1083	94.2936	Savelyev & Robbeets (2020)	
Turkic	Turkic, North Siberian Turkic	Yakut	Yakut	Sakha	yaku1245	sah	Yakut	Turkic	Eurasia	61.6974	133.98	Savelyev & Robbeets (2020)	Sakha
Turkic	Turkic, Oghuz	Azerbaijani	Azeri	North Azerbaijani	nort2697	azj	North Azerbaijani	Turkic	Eurasia	40.9777	46.4737	Savelyev & Robbeets (2020)	
Turkic	Turkic, Oghuz	Gagauz	Gagauz	Gagauz	gaga1249	gag	Gagauz	Turkic	Eurasia	44.5988	28.0277	Savelyev & Robbeets (2020)	
Turkic	Turkic, Oghuz	Salar	Salar	Salar	sala1264	slr	Salar	Turkic	Eurasia	35.5457	102.819	Savelyev & Robbeets (2020)	
Turkic	Turkic, Oghuz	Turkish	Turkish	Turkish	nucl1301	tur	Turkish	Turkic	Eurasia	39.8667	32.8667	Savelyev & Robbeets (2020)	
Turkic	Turkic, Oghuz	Turkmen	Turkmen	Turkmen	turk1304	tuk	Turkmen	Turkic	Eurasia	37.0872	59.1757	Savelyev & Robbeets (2020)	
Turkic	Turkic, South Siberian Turkic	Chulym	MiddleChulym	Middle Chulym Turkic	midd1324	clw	Chulym	Turkic	Eurasia	54.3209	89.5541	Savelyev & Robbeets (2020)	
Turkic	Turkic, South Siberian Turkic	Khakas	Khakas	Khakas	khak1248	kjh	Khakas	Turkic	Eurasia	50.7393	107.169	Savelyev & Robbeets (2020)	
Turkic	Turkic, South Siberian Turkic	Northern Altai	NorthAltai	Chelkan	chel1242	atv	Northern Altai	Turkic	Eurasia	50.8998	88.0672	Savelyev & Robbeets (2020)	Chelkan dialect
Turkic	Turkic, South Siberian Turkic	Shor	Shor	Shor	shor1247	cjs	Shor	Turkic	Eurasia	52.3261	88.4344	Savelyev & Robbeets (2020)	
Turkic	Turkic, South Siberian Turkic	Tofa	Tofa	Tofa	tofa1248	kim	Karagas	Turkic	Eurasia	53.75	98.0	Savelyev & Robbeets (2020)	
Turkic	Turkic, South Siberian Turkic	Tuvan	Tuvan	Tuvinian	tuvi1240	tyv	Tuvinian	Turkic	Eurasia	51.7	94.36667	Savelyev & Robbeets (2020)	
Turkic	Turkic, South Siberian Turkic	West Yugur	SarygYugur	West Yugur	west2402	ybe	West Yugur	Turkic	Eurasia	39.0548	99.3112	Savelyev & Robbeets (2020)	West Yugur, Yellow Uyghur
Turkic	Turkic, Turkestan Turkic	Old Turkic	OldTurkic	Old Turkic	oldu1238	oui	Old Uighur	Turkic	Eurasia	42.852778	89.529167	Savelyev & Robbeets (2020)	Old Uyghur texts from the 9th century AD
Turkic	Turkic, Turkestan Turkic	Uyghur	Uyghur	Uighur	uigh1240	uig	Uyghur	Turkic	Eurasia	43.88	87.38	Savelyev & Robbeets (2020)	
Turkic	Turkic, Turkestan Turkic	Uzbek	Uzbek	Uzbek	uzbe1247	uzb	Uzbek	Turkic	Eurasia	39.0	66.0	Savelyev & Robbeets (2020)	
Uralic	Uralic, Finnic	Estonian	Standard Estonian	Estonian	esto1258	ekk	Standard Estonian	Uralic	Eurasia	58.55	25.82	De Heer et al.; Syrjänen	
Uralic	Uralic, Finnic	Finnish	Standard Finnish	Finnish	finn1318	fin	Finnish	Uralic	Eurasia	64.7628	25.5577	De Heer et al.; Syrjänen	
Uralic	Uralic, Finnic	Ingrian	Ingrian	Ingrian	ingr1248	izh	Ingrian	Uralic	Eurasia	59.47403	29.71145	De Heer et al.; Syrjänen	
Uralic	Uralic, Finnic	Karelian	Karelian Proper	Karelian	kare1335	krl	Karelian	Uralic	Eurasia	65.1691	30.8655	De Heer et al.; Syrjänen	
Uralic	Uralic, Finnic	Livonian	Courland Livonian	Courland Livonian	west1760	liv	Liv	Uralic	Eurasia	57.566	22.0262	De Heer et al.; Syrjänen	
Uralic	Uralic, Finnic	Veps	Veps	Veps	veps1250	vep	Veps	Uralic	Eurasia	60.3353	34.7865	De Heer et al.; Syrjänen	
Uralic	Uralic, Finnic	Võro	Võro South Estonian	South Estonian	sout2679	vro	Võro	Uralic	Eurasia	57.85	27.0	De Heer et al.; Syrjänen	
Uralic	Uralic, Finnic	Votic	Western Votic	West Vod	west2391	vot	Votic	Uralic	Eurasia	59.3802	28.6235	De Heer et al.; Syrjänen	
Uralic	Uralic, Mari	Meadow Mari	Meadow Mari	Eastern Mari	east2328	mhr	Eastern Mari	Uralic	Eurasia	55.8307	48.405	De Heer et al.; Syrjänen	
Uralic	Uralic, Mordvin	Erzya	Erzya	Erzya	erzy1239	myv	Erzya	Uralic	Eurasia	52.8548	45.3901	De Heer et al.; Syrjänen	
Uralic	Uralic, Permic	Komi-Permyak	Komi-Permyak	Komi-Permyak	komi1269	koi	Komi-Permyak	Uralic	Eurasia	59.6602	54.7959	De Heer et al.; Syrjänen	
Uralic	Uralic, Permic	Komi-Zyrian	Komi-Zyrian	Komi-Zyrian	komi1268	kpv	Komi-Zyrian	Uralic	Eurasia	64.0527	54.946	De Heer et al.; Syrjänen	
Uralic	Uralic, Permic	Udmurt	Udmurt	Udmurt	udmu1245	udm	Udmurt	Uralic	Eurasia	56.12921	52.63548	De Heer et al.; Syrjänen	
Uralic	Uralic, Saami	Kildin Saami	Kildin Saami	Kildin Saami	kild1236	sjd	Kildin Sami	Uralic	Eurasia	68.2158	35.8348	De Heer et al.; Syrjänen	
Uralic	Uralic, Saami	North Saami	North Saami	North Saami	nort2671	sme	Northern Sami	Uralic	Eurasia	68.725	22.1113	De Heer et al.; Syrjänen	
Uralic	Uralic, Saami	Skolt Saami	Skolt Saami	Skolt Saami	skol1241	sms	Skolt Sami	Uralic	Eurasia	68.8326	29.7204	De Heer et al.; Syrjänen	
Uralic	Uralic, Saami	South Saami	South Saami	South Saami	sout2674	sma	Southern Sami	Uralic	Eurasia	62.8801	13.7006	De Heer et al.; Syrjänen	
Uralic	Uralic, Samoyedic	Nganasan	Nganasan	Nganasan	ngan1291	nio	Nganasan	Uralic	Eurasia	73.1354	86.2106	De Heer et al.; Syrjänen	
Uralic	Uralic, Samoyedic	Selkup	Selkup	Taz-Turukhan	tazz1244	sel	Selkup	Uralic	Eurasia	65.7035	82.4441	De Heer et al.; Syrjänen	
Uralic	Uralic, Samoyedic	Tundra Nenets	Tundra Nenets	Tundra Nenets	nene1249	yrk	Nenets	Uralic	Eurasia	66.1775	71.0234	De Heer et al.; Syrjänen	
Uralic	Uralic, Ugric, Hungarian	Hungarian	Hungarian	Hungarian	hung1274	hun	Hungarian	Uralic	Eurasia	46.9068585714	19.6555271429	De Heer et al.; Syrjänen	
Uralic	Uralic, Ugric, Khantyic	Khanty	Vakh-Vasyugan Khanty	Vach-Vasjugan	fare1244			Uralic	Eurasia	60.10378	79.873651	De Heer et al.; Syrjänen	
Uralic	Uralic, Ugric, Mansic	Mansi	Sosva Mansi	Sosva Mansi	nort2677	mns	Mansi	Uralic	Eurasia	64.4118	61.344	De Heer et al.; Syrjänen	
Uto-Aztecan	Uto-Aztecan, Northern Uto-Aztecan, Californian	Cahuilla	Cahuilla	Cahuilla	cahu1264	chl	Cahuilla	Uto-Aztecan	North America	33.5324	-116.691	Greenhill et al., 2021	
Uto-Aztecan	Uto-Aztecan, Northern Uto-Aztecan, Californian	Cupeño	Cupeno	Cupeño	cupe1243	cup	Cupeño	Uto-Aztecan	North America	33.3148	-116.515	Greenhill et al., 2021	
Uto-Aztecan	Uto-Aztecan, Northern Uto-Aztecan, Californian	Luiseño	Luiseno	Luiseno-Juaneño	luis1253	lui	Luiseno	Uto-Aztecan	North America	33.3184	-116.939	Greenhill et al., 2021	
Uto-Aztecan	Uto-Aztecan, Northern Uto-Aztecan, Californian	Serrano	Serrano	Serrano	serr1255	ser	Serrano	Uto-Aztecan	North America	33.9479	-116.772	Greenhill et al., 2021	
Uto-Aztecan	Uto-Aztecan, Northern Uto-Aztecan, Californian	Tongva	Gabrielino	Tongva	tong1329	ser	Serrano	Uto-Aztecan	North America	34.1	-118.11	Greenhill et al., 2021	
Uto-Aztecan	Uto-Aztecan, Northern Uto-Aztecan, Californian	Tübatulabal	Tubatulabel	Tübatulabal	tuba1278	tub	Tübatulabal	Uto-Aztecan	North America	35.327	-117.163	Greenhill et al., 2021	
Uto-Aztecan	Uto-Aztecan, Northern Uto-Aztecan, Hopi	Hopi	Hopi	Hopi	hopi1249	hop	Hopi	Uto-Aztecan	North America	35.7653	-110.535	Greenhill et al., 2021	
Uto-Aztecan	Uto-Aztecan, Northern Uto-Aztecan, Numic	Chemehuevi	Chemehuevi	Chemehuevi	chem1251	ute	Ute-Southern Paiute	Uto-Aztecan	North America	35.356093	-116.438436	Greenhill et al., 2021	
Uto-Aztecan	Uto-Aztecan, Northern Uto-Aztecan, Numic	Comanche	Comanche	Comanche	coma1245	com	Comanche	Uto-Aztecan	North America	34.0	-101.0	Greenhill et al., 2021	
Uto-Aztecan	Uto-Aztecan, Northern Uto-Aztecan, Numic	Kawaiisu	Kawaiisu	Kawaiisu	kawa1283	xaw	Kawaiisu	Uto-Aztecan	North America	36.0538	-118.679	Greenhill et al., 2021	
Uto-Aztecan	Uto-Aztecan, Northern Uto-Aztecan, Numic	Mono	Mono	Mono (USA)	mono1275	mnr	Mono (USA)	Uto-Aztecan	North America	37.1935	-119.347	Greenhill et al., 2021	
Uto-Aztecan	Uto-Aztecan, Northern Uto-Aztecan, Numic	Northern Paiute	NorthernPaiute	Northern Paiute	nort2954	pao	Northern Paiute	Uto-Aztecan	North America	40.0799	-119.536	Greenhill et al., 2021	
Uto-Aztecan	Uto-Aztecan, Northern Uto-Aztecan, Numic	Panamint	Pannamint	Panamint	pana1305	par	Panamint	Uto-Aztecan	North America	36.0007	-117.901	Greenhill et al., 2021	
Uto-Aztecan	Uto-Aztecan, Northern Uto-Aztecan, Numic	Shoshoni	ShoshoniGosiute	Gosiute	gosi1242	shh	Shoshoni	Uto-Aztecan	North America	39.848	-114.0255	Greenhill et al., 2021	
Uto-Aztecan	Uto-Aztecan, Northern Uto-Aztecan, Numic	Southern Paiute	SouthernPaiute	Southern Paiute	sout2969	ute	Ute-Southern Paiute	Uto-Aztecan	North America	37.0	-114.0	Greenhill et al., 2021	
Uto-Aztecan	Uto-Aztecan, Northern Uto-Aztecan, Numic	Ute	SouthernUte	Ute	utee1244	ute	Ute-Southern Paiute	Uto-Aztecan	North America	38.0	-109.0	Greenhill et al., 2021	
Uto-Aztecan	Uto-Aztecan, Southern Uto-Aztecan, Cahitan	Mayo	Mayo	Mayo	mayo1264	mfy	Mayo	Uto-Aztecan	North America	26.4522	-108.981	Greenhill et al., 2021	
Uto-Aztecan	Uto-Aztecan, Southern Uto-Aztecan, Cahitan	Yaqui	Yaqui	Yaqui	yaqu1251	yaq	Yaqui	Uto-Aztecan	North America	29.9446	-110.681	Greenhill et al., 2021	
Uto-Aztecan	Uto-Aztecan, Southern Uto-Aztecan, Corachol-Aztecan	Classical Nahuatl	ClassicalAztec	Classical Nahuatl	clas1250	nci	Classical Nahuatl	Uto-Aztecan	North America	19.72	-96.97	Greenhill et al., 2021	
Uto-Aztecan	Uto-Aztecan, Southern Uto-Aztecan, Corachol-Aztecan	El Nayar Cora	Cora	El Nayar Cora	elna1235	crn	El Nayar Cora	Uto-Aztecan	North America	22.4099	-104.467	Greenhill et al., 2021	
Uto-Aztecan	Uto-Aztecan, Southern Uto-Aztecan, Corachol-Aztecan	Highland Puebla Nahuatl	AztecZacapoaxtla	Highland Puebla Nahuatl	high1278	azz	Highland Puebla Nahuatl	Uto-Aztecan	North America	20.1554	-97.5556	Greenhill et al., 2021	
Uto-Aztecan	Uto-Aztecan, Southern Uto-Aztecan, Corachol-Aztecan	Huichol	Huichol	Huichol	huic1243	hch	Huichol	Uto-Aztecan	North America	21.954	-104.062	Greenhill et al., 2021	
Uto-Aztecan	Uto-Aztecan, Southern Uto-Aztecan, Corachol-Aztecan	Pipil	Pipil	Pipil	pipi1250	ppl	Nicarao	Uto-Aztecan	North America	13.8931	-89.443	Greenhill et al., 2021	
Uto-Aztecan	Uto-Aztecan, Southern Uto-Aztecan, Corachol-Aztecan	Pochutec	AztecPochutla	Pochutec	poch1244	xpo	Pochutec	Uto-Aztecan	North America	15.735073	-96.468076	Greenhill et al., 2021	
Uto-Aztecan	Uto-Aztecan, Southern Uto-Aztecan, Corachol-Aztecan	Tetelcingo Nahuatl	AztecTetelcingo	Tetelcingo Nahuatl	tete1251	nhg	Tetelcingo Nahuatl	Uto-Aztecan	North America	18.8854	-98.893	Greenhill et al., 2021	
Uto-Aztecan	Uto-Aztecan, Southern Uto-Aztecan, Opata-Eudeve	Eudeve	Eudeve	Eudeve	eude1234	opt	Opata	Uto-Aztecan	North America	28.5	-110.0	Greenhill et al., 2021	
Uto-Aztecan	Uto-Aztecan, Southern Uto-Aztecan, Opata-Eudeve	Teguima	Opata	Teguima	opat1246	opt	Opata	Uto-Aztecan	North America	31.15211	-110.06212	Greenhill et al., 2021	
Uto-Aztecan	Uto-Aztecan, Southern Uto-Aztecan, Tarahumara-Guarijio	Central Tarahumara	Tarahumara	Central Tarahumara	cent2131	tar	Central Tarahumara	Uto-Aztecan	North America	27.5648	-107.154	Greenhill et al., 2021	
Uto-Aztecan	Uto-Aztecan, Southern Uto-Aztecan, Tarahumara-Guarijio	Huarijío	Guarijio	Huarijio	huar1255	var	Huarijio	Uto-Aztecan	North America	27.8685	-108.437	Greenhill et al., 2021	
Uto-Aztecan	Uto-Aztecan, Southern Uto-Aztecan, Tepiman	Northern Tepehuan	NorthernTepehuan	Northern Tepehuan	nort2959	ntp	Northern Tepehuan	Uto-Aztecan	North America	26.4348	-107.379	Greenhill et al., 2021	
Uto-Aztecan	Uto-Aztecan, Southern Uto-Aztecan, Tepiman	Pima Bajo	PimaDeOnavas	Pima Bajo	pima1248	ood	Tohono O'odham	Uto-Aztecan	North America	28.654	-108.326	Greenhill et al., 2021	
Uto-Aztecan	Uto-Aztecan, Southern Uto-Aztecan, Tepiman	Southeastern Tepehuan	SoutheasternTepehuan	Southeastern Tepehuan	sout2976	stp	Southeastern Tepehuan	Uto-Aztecan	North America	23.1584	-103.983	Greenhill et al., 2021	
Uto-Aztecan	Uto-Aztecan, Southern Uto-Aztecan, Tepiman	Tohono O'odham	Papago	Tohono O'odham	toho1245	ood	Tohono O'odham	Uto-Aztecan	North America	31.7973	-111.995	Greenhill et al., 2021	
Uto-Aztecan	Uto-Aztecan, Southern Uto-Aztecan, Tubar	Tubar	Tubar	Tubar	tuba1279	tbu	Tubar	Uto-Aztecan	North America	30.0	-111.0	Greenhill et al., 2021	
